Date,open,high,low,close
2026/1/18,63.75,65.12,63.28,64.81
2026/1/11,63.34,66.82,62.76,64.13
2026/1/4,60.99,63.92,59.75,63.34
2025/12/28,60.91,62.32,60.01,60.75
2025/12/21,60.6,62.73,60.53,60.64
2025/12/14,61.09,61.5,58.72,60.47
2025/12/7,63.75,63.96,60.77,61.12
2025/11/30,62.69,64.09,62.17,63.75
2025/11/23,62.7,63.76,61.6,63.2
2025/11/16,64.03,65.1,61.87,62.56
2025/11/9,63.8,65.31,62.34,64.39
2025/11/2,65.12,65.32,62.84,63.63
2025/10/26,66.16,66.64,63.92,65.07
2025/10/19,61.25,66.78,60.07,65.94
2025/10/12,62.9,63.95,60.14,61.29
2025/10/5,64.51,65.98,61.56,62.28
2025/9/28,69.5,69.91,64,64.53
2025/9/21,66.62,70.76,65.94,70.13
2025/9/14,67.33,68.69,66.44,66.68
2025/9/7,65.55,68.17,65.51,66.99
2025/8/31,66.85,68.84,64.69,65.11
2025/8/24,67.89,69.07,66.91,68.12
2025/8/17,65.85,68,65.3,67.73
2025/8/10,66.25,67.13,65.01,65.85
2025/8/3,69.11,69.98,65.53,66.59
2025/7/27,67.7,72.83,67.55,68.76
2025/7/20,69.21,69.86,68,68.44
2025/7/13,70.5,71.53,67.71,69.28
2025/7/6,66.7,69.5,66.18,69.16
2025/6/29,66.48,68.03,65.48,67.22
2025/6/22,80.29,81.4,66.82,67.77
2025/6/15,78.31,79.04,70.56,77.01
2025/6/8,66.59,78.5,66.07,74.23
2025/6/1,62.35,65.92,62.31,65.73
2025/5/25,64.42,65.5,62.09,62.78
2025/5/18,65.42,66.63,63.32,64.78
2025/5/11,64.05,66.81,63.44,65.41
2025/5/4,59,63.8,58.2,63.43
2025/4/27,66.18,66.5,58.99,60.93
2025/4/20,67.51,68.65,65.29,66.87
2025/4/13,65,68.14,63.79,67.96
2025/4/6,64.9,67.43,58.4,64.76
2025/3/30,72.94,75.04,63.46,64.95
2025/3/23,72.21,74.2,71.8,73.63
2025/3/16,70.7,72.51,69.9,72.16
2025/3/9,70.49,71.25,68.63,70.58
2025/3/2,72.52,73.14,67.95,69.88
2025/2/23,74.2,75.26,72.39,73.18
2025/2/16,74.67,77.15,74.19,74.43
2025/2/9,74.59,77.29,74.06,74.74
2025/2/2,75.92,76.36,73.54,74.26
2025/1/26,78.34,79,76,76.76
2025/1/19,80.98,81.23,77.6,78.5
2025/1/12,79.76,82.63,79.62,80.79
2025/1/5,76,79.74,75.1,78.85
2024/12/29,73.81,76.73,73.8,76.51
2024/12/22,72.86,74.29,71.98,74.17
2024/12/15,74.6,74.6,72,72.94
2024/12/8,70.92,74.59,70.92,74.49
2024/12/1,72,74.28,70.85,71.12
2024/11/24,75.38,75.38,72.09,72.94
2024/11/17,70.8,75.41,70.7,75.17
2024/11/10,73.85,74.13,70.72,71.04
2024/11/3,74,76.24,73.34,73.87
2024/10/27,72.77,74.94,70.72,73.1
2024/10/20,73.11,76.54,72.8,76.05
2024/10/13,78.55,78.55,72.5,73.06
2024/10/6,78.07,81.16,75.15,79.04
2024/9/29,72.5,79.3,69.91,78.05
2024/9/22,74.71,75.87,70.72,71.98
2024/9/15,72.09,75.18,71.52,74.49
2024/9/8,71.66,73.24,68.68,71.61
2024/9/1,76.95,77.63,70.61,71.06
2024/8/25,79.35,81.59,77.95,78.8
2024/8/18,79.6,79.81,75.65,79.02
2024/8/11,79.56,82.4,78.62,79.68
2024/8/4,77.61,79.83,75.05,79.66
2024/7/28,81.3,81.8,76.42,76.81
2024/7/21,82.8,83.22,80.09,81.13
2024/7/14,85.1,85.81,82.56,82.63
2024/7/7,86.74,86.92,84,85.03
2024/6/30,84.9,87.95,84.85,86.54
2024/6/23,84.99,87.22,84.47,86.41
2024/6/16,82.61,86.24,82.1,85.24
2024/6/9,79.38,83.39,79.34,82.62
2024/6/2,81.15,81.65,76.76,79.62
2024/5/26,82.2,85.02,81.17,81.62
2024/5/19,83.98,84.49,80.65,82.12
2024/5/12,82.78,84.04,81.05,83.98
2024/5/5,82.99,84.53,81.71,82.79
2024/4/28,89.22,89.29,82.78,82.96
2024/4/21,87.07,89.83,85.79,89.5
2024/4/14,90.95,91.05,86.09,87.29
2024/4/7,90.09,92.18,88.78,90.45
2024/3/31,86.98,91.91,86.4,91.17
2024/3/24,85.5,87.52,85.17,87.48
2024/3/17,85.32,87.7,85.06,85.43
2024/3/10,82,85.69,81.08,85.34
2024/3/3,83.5,84.08,81.71,82.08
2024/2/25,81.41,84.34,81,83.55
2024/2/18,83.28,83.96,81.43,81.62
2024/2/11,81.94,83.66,80.72,83.47
2024/2/4,77.9,82.45,76.62,82.19
2024/1/28,84.13,84.8,76.85,77.33
2024/1/21,78.89,83.81,77.81,83.55
2024/1/14,78.14,79.73,76.5,78.56
2024/1/7,78.7,80.75,75.26,78.29
2023/12/31,77.39,79.41,74.79,78.76
2023/12/24,79.04,81.72,76.73,77.04
2023/12/17,76.8,80.6,75.76,79.07
2023/12/10,75.73,77.35,72.29,76.55
2023/12/3,79.5,79.72,73.6,75.84
2023/11/26,80.4,84.75,78.75,78.88
2023/11/19,80.3,82.94,78.41,80.58
2023/11/12,81.43,83.97,76.6,80.61
2023/11/5,85.55,86.46,79.2,81.43
2023/10/29,90.07,90.15,84.56,84.89
2023/10/22,92.11,92.45,86.68,90.48
2023/10/15,90.98,93.79,88.88,92.16
2023/10/8,86.45,91,85.18,90.89
2023/10/1,92.18,93.33,83.44,84.58
2023/9/24,93.75,97.69,91.8,95.31
2023/9/17,94.28,95.96,92.2,93.27
2023/9/10,90.83,94.63,90.11,93.93
2023/9/3,88.95,91.15,88.06,90.65
2023/8/27,84.87,88.99,83.8,88.55
2023/8/20,84.8,85.86,81.94,84.48
2023/8/13,86.53,86.71,83.05,84.8
2023/8/6,86.23,88.1,83.32,86.81
2023/7/30,84.95,86.65,82.36,86.24
2023/7/23,80.95,85.09,80.42,84.99
2023/7/16,79.36,81.24,78.19,81.07
2023/7/9,78.6,81.75,77.36,79.87
2023/7/2,75.11,78.54,74.56,78.47
2023/6/25,74.5,75.4,71.57,74.9
2023/6/18,76.4,77.24,72.11,73.85
2023/6/11,74.87,76.74,71.58,76.61
2023/6/4,77.68,78.73,73.58,74.79
2023/5/28,77.39,77.75,71.39,76.13
2023/5/21,75.63,78.66,74.55,76.95
2023/5/14,74.15,77.5,73.49,75.58
2023/5/7,75.23,77.6,74.03,74.17
2023/4/30,80.11,80.24,71.28,75.3
2023/4/23,81.87,83.06,77.39,79.54
2023/4/16,86.43,86.52,80.45,81.66
2023/4/9,85.1,87.49,83.75,86.31
2023/4/2,86,86.44,83.5,85.12
2023/3/26,75,79.8,74.8,79.77
2023/3/19,73.01,77.44,70.12,74.99
2023/3/12,82.6,83.48,71.4,72.97
2023/3/5,85.83,86.75,80.73,82.78
2023/2/26,83.19,86,81.73,85.83
2023/2/19,83.15,84.3,80.4,83.16
2023/2/12,86.51,86.95,81.8,83
2023/2/5,79.61,86.9,79.1,86.39
2023/1/29,86.88,87.48,79.62,79.94
2023/1/22,87.7,89.09,85.41,86.66
2023/1/15,85.36,87.85,83.76,87.63
2023/1/8,78.42,85.5,78.42,85.28
2023/1/1,85.96,87,77.61,78.57
2022/12/25,84.5,86,81.28,85.91
2022/12/18,79.21,84.12,78.28,83.92
2022/12/11,76.88,83.18,75.26,79.04
2022/12/4,85.73,88.44,75.11,76.1
2022/11/27,83.58,89.37,80.61,85.57
2022/11/20,87.74,89.9,82.31,83.63
2022/11/13,95.87,96.95,85.8,87.62
2022/11/6,97.31,99.56,91.73,95.99
2022/10/30,96.47,98.81,92.33,98.57
2022/10/23,93.59,97.27,91.22,95.77
2022/10/16,91.71,94.77,88.77,93.5
2022/10/9,98.75,98.75,91.08,91.63
2022/10/2,86.35,98.58,86.35,97.92
2022/9/25,86.62,90.12,83.65,87.96
2022/9/18,91.43,93.5,85.5,86.15
2022/9/11,92.54,95.8,90.03,91.35
2022/9/4,93.02,96.99,87.24,92.84
2022/8/28,100.67,105.48,91.81,93.02
2022/8/21,95.95,102.47,92.36,100.99
2022/8/14,97.72,98.17,91.51,96.72
2022/8/7,94.51,100.38,93.01,98.15
2022/7/31,103.92,104.43,92.78,94.92
2022/7/24,103.85,110.67,101.64,110.01
2022/7/17,100.82,107.61,99.46,103.2
2022/7/10,107,107.7,94.5,101.16
2022/7/3,111.65,114.75,98.5,107.02
2022/6/26,112.92,120.41,108.03,111.63
2022/6/19,113.88,116.25,107.03,113.12
2022/6/12,121.94,125.19,111.72,113.12
2022/6/5,121.55,124.4,118.55,122.01
2022/5/29,119.28,125.28,112.45,119.72
2022/5/22,112.85,119.72,111.7,119.43
2022/5/15,111.67,115.69,105.7,112.55
2022/5/8,112.94,113.2,101.3,111.55
2022/5/1,106.3,114,103.1,112.39
2022/4/24,105.49,110.3,99.48,109.34
2022/4/17,112.32,114.84,104.65,106.65
2022/4/10,103.21,112.39,97.57,111.7
2022/4/3,104.08,109.9,98.41,102.78
2022/3/27,119.9,119.9,102.35,104.39
2022/3/20,107.5,123.74,107.06,120.65
2022/3/13,113.15,113.15,96.93,107.93
2022/3/6,122.79,139.13,105.6,112.67
2022/2/27,101.98,119.84,98.3,118.11
2022/2/20,94.29,105.79,92.57,97.93
2022/2/13,95.2,96.78,90.12,93.54
2022/2/6,92.75,95.66,89.93,94.44
2022/1/30,90.8,93.7,87.72,93.27
2022/1/23,87.93,91.7,85.04,90.03
2022/1/16,86.15,89.5,85.54,87.89
2022/1/9,81.76,86.5,80.5,86.06
2022/1/2,78.11,83,77.04,81.75
2021/12/26,76.32,80.17,75.75,77.78
2021/12/19,72.82,77,69.28,76.14
2021/12/12,75.37,76.39,72.5,73.52
2021/12/5,70.24,76.7,70.24,75.15
2021/11/28,73.88,77.02,65.72,69.88
2021/11/21,78.58,83,72.14,72.72
2021/11/14,81.92,83.14,78.05,78.89
2021/11/7,82.58,85.5,81.26,82.17
2021/10/31,83.63,85.23,80.2,82.74
2021/10/24,85.65,86.7,82.32,84.38
2021/10/17,84.95,86.1,83.36,85.53
2021/10/10,82.65,85.1,82.2,84.86
2021/10/3,79.49,83.47,78.75,82.39
2021/9/26,78.25,80.75,77.5,79.28
2021/9/19,75.33,78.24,73.26,78.09
2021/9/12,72.88,76.13,72.69,75.34
2021/9/5,72.57,73.2,70.88,72.92
2021/8/29,73.25,73.69,70.42,72.61
2021/8/22,64.97,72.76,64.6,72.7
2021/8/15,70.05,70.45,64.94,65.18
2021/8/8,70.26,71.9,67.6,70.59
2021/8/1,75.39,75.39,69.75,70.7
2021/7/25,74.12,76.38,72.75,76.33
2021/7/18,72.86,74.22,67.44,74.1
2021/7/11,75.79,76.72,72.34,73.59
2021/7/4,76.23,77.84,72.11,75.55
2021/6/27,75.99,76.74,73.9,76.17
2021/6/20,73.33,76.21,72.98,76.18
2021/6/13,72.7,74.96,72.01,73.51
2021/6/6,71.82,73.09,70.71,72.69
2021/5/30,68.98,72.17,68.75,71.89
2021/5/23,66.72,69.92,66.46,69.63
2021/5/16,68.92,70.24,64.57,66.44
2021/5/9,68.74,69.9,66.48,68.71
2021/5/2,66.7,69.95,66.1,68.28
2021/4/25,66.1,68.95,64.57,67.25
2021/4/18,66.7,68.08,64.58,66.11
2021/4/11,63.03,67.38,62.41,66.77
2021/4/4,64.57,64.81,61.25,62.95
2021/3/28,64.58,65.46,62.38,64.86
2021/3/21,64.53,65.12,60.27,64.57
2021/3/14,69.08,70.03,61.45,64.53
2021/3/7,69.97,71.38,66.5,69.22
2021/2/28,64.85,69.69,62.38,69.36
2021/2/21,62.68,67.7,62.55,66.13
2021/2/14,62.83,65.52,62.09,62.91
2021/2/7,59.43,62.83,59.43,62.43
2021/1/31,54.91,59.79,54.6,59.34
2021/1/24,55.26,56.59,55.07,55.88
2021/1/17,54.75,56.64,54.48,55.41
2021/1/10,56.24,57.42,54.64,55.1
2021/1/3,51.5,56.36,50.56,55.99
2020/12/27,51.25,52.02,50.53,51.8
2020/12/20,52.22,52.32,49.2,51.29
2020/12/13,50.05,52.48,49.13,52.26
2020/12/6,49.23,51.06,48.09,49.97
2020/11/29,47.91,49.92,46.82,49.25
2020/11/22,45.08,49.09,44.89,48.18
2020/11/15,42.71,45.24,42.71,44.96
2020/11/8,39.65,45.3,39.46,42.78
2020/11/1,37.37,41.53,35.74,39.45
2020/10/25,41.53,41.63,36.64,37.46
2020/10/18,42.69,43.3,41.45,41.77
2020/10/11,42.6,43.48,41.36,42.93
2020/10/4,39.19,43.57,39.14,42.85
2020/9/27,41.87,42.62,38.79,39.27
2020/9/20,43.01,43.3,40.96,41.92
2020/9/13,39.78,43.8,39.3,43.15
2020/9/6,42.2,42.43,39.31,39.83
2020/8/30,45.8,46.53,42.3,42.66
2020/8/23,44.5,46.1,44.29,45.05
2020/8/16,44.86,45.55,43.59,44.35
2020/8/9,44.66,45.79,44.37,44.8
2020/8/2,43.53,46.23,42.89,44.4
2020/7/26,43.35,43.95,41.38,43.3
2020/7/19,43.08,44.89,42.36,43.34
2020/7/12,43.12,43.85,41.8,43.14
2020/7/5,42.79,43.71,41.32,43.24
2020/6/28,40.56,43.23,40.04,42.8
2020/6/21,41.74,43.93,39.47,41.02
2020/6/14,38.8,42.92,37.24,42.19
2020/6/7,42.4,43.41,37.01,38.73
2020/5/31,37.56,42.48,37.18,42.3
2020/5/24,34.98,36.68,33.62,35.33
2020/5/17,32.78,36.98,32.69,35.13
2020/5/10,30.7,32.91,28.86,32.5
2020/5/3,26.1,32.27,25.5,30.97
2020/4/26,21.55,27.88,18.73,26.44
2020/4/19,28.05,28.25,15.98,21.44
2020/4/12,33.99,33.99,27.16,28.08
2020/4/5,31.76,36.4,30.03,31.48
2020/3/29,23.85,36.29,21.65,34.11
2020/3/22,26.75,28.65,24.13,24.93
2020/3/15,35.82,35.84,24.52,26.98
2020/3/8,38.28,39.7,31.02,33.85
2020/3/1,48.95,53.9,45.18,45.27
2020/2/23,57.85,57.86,50.05,50.52
2020/2/16,57.29,60,56.3,58.5
2020/2/9,54.2,57.53,53.11,57.32
2020/2/2,56.16,56.77,53.69,54.47
2020/1/26,60.23,60.62,57.71,58.16
2020/1/19,65.98,66,60.25,60.69
2020/1/12,65.13,65.6,63.55,64.85
2020/1/5,69.35,71.75,64.56,64.98
2019/12/29,68.2,69.5,65.63,68.6
2019/12/22,66.15,68.33,65.81,68.16
2019/12/15,65.05,66.78,64.88,66.14
2019/12/8,64.29,65.79,63.01,65.22
2019/12/1,60.73,64.88,60.3,64.39
2019/11/24,63.6,64.6,62.36,62.43
2019/11/17,63.36,64.27,60.3,63.39
2019/11/10,62.6,63.65,61.22,63.3
2019/11/3,61.8,63.32,60.66,62.51
2019/10/27,62.04,62.34,59.4,61.69
2019/10/20,59.23,62.11,58.26,62.02
2019/10/13,60.69,60.73,58,59.42
2019/10/6,58.02,60.69,57.38,60.51
2019/9/29,62.24,62.24,56.15,58.37
2019/9/22,65.23,65.5,60.76,61.91
2019/9/15,66.45,71.95,63.04,64.28
2019/9/8,60.66,62.79,58.11,59.25
2019/9/1,58.4,61.44,56.48,60.57
2019/8/25,57.96,60.62,57.74,59.25
2019/8/18,58.3,60.94,57.89,58.8
2019/8/11,58.01,61.13,57.29,58.16
2019/8/4,60.77,61.01,55.59,58.19
2019/7/28,63.23,65.43,59.51,61.32
2019/7/21,62.94,64.62,62.49,63.37
2019/7/14,66.25,67.02,60.97,62.28
2019/7/7,64.19,67.27,63.49,66.34
2019/6/30,64.25,66.33,61.85,63.84
2019/6/23,64.75,66.02,63.37,64.74
2019/6/16,61.05,65.03,59.36,64.45
2019/6/9,62.58,62.99,58.77,61.01
2019/6/2,60.81,62.41,58.42,62.18
2019/5/26,68,69.23,61.39,61.99
2019/5/19,71.25,72.44,65.91,67.47
2019/5/12,69.86,72.41,68.84,71.26
2019/5/5,69.65,70.93,67.99,69.64
2019/4/28,71.09,72.79,68.97,70.03
2019/4/21,71.34,74.75,70.6,71.63
2019/4/14,71.1,71.73,70.31,71.43
2019/4/7,70.56,71.87,70.3,71.55
2019/3/31,67.58,70.48,67.58,70.34
2019/3/24,67,68.89,66.36,68.39
2019/3/17,67.14,68.69,66.2,67.03
2019/3/10,65.76,68.14,65.63,67.16
2019/3/3,64.97,67,64.02,65.74
2019/2/24,66.97,67.47,64.32,65.07
2019/2/17,66.39,67.73,65.58,67.12
2019/2/10,62.11,66.39,60.9,66.25
2019/2/3,62.83,63.63,60.6,62.1
2019/1/27,61.49,62.97,59.49,62.75
2019/1/20,62.74,63.15,60.21,61.64
2019/1/13,60.62,63,58.9,62.7
2019/1/6,57.41,62.49,57.13,60.48
2018/12/30,53,58.31,52.51,57.06
2018/12/23,53.49,55.29,49.93,52.2
2018/12/16,60.25,61.21,52.79,53.82
2018/12/9,61.34,62.33,59.33,60.28
2018/12/2,59.98,63.73,58.36,61.67
2018/11/25,58.98,61.4,57.5,58.71
2018/11/18,66.99,67.64,58.41,58.8
2018/11/11,70.69,71.88,64.61,66.76
2018/11/4,72.85,74.13,69.13,70.18
2018/10/28,77.64,78.03,72.16,72.83
2018/10/21,80.11,80.41,75.11,77.62
2018/10/14,81,81.92,78.69,79.78
2018/10/7,84.17,85.45,79.23,80.43
2018/9/30,82.79,86.74,82.55,84.16
2018/9/23,78.97,82.87,78.97,82.72
2018/9/16,78.07,80.12,77.46,78.8
2018/9/9,77.08,80.13,76.9,78.09
2018/9/2,77.69,79.72,75.64,76.83
2018/8/26,75.54,78.03,75.39,77.42
2018/8/19,71.77,76.42,71.42,75.82
2018/8/12,73,73.93,70.3,71.83
2018/8/5,73.21,74.9,71.4,72.81
2018/7/29,74.31,75.27,71.84,73.21
2018/7/22,73.22,74.85,72.52,74.29
2018/7/15,74.92,75.37,71.19,73.07
2018/7/8,77.21,79.51,72.67,75.33
2018/7/1,78.55,78.95,76.36,77.11
2018/6/24,74.8,79.7,73.74,79.44
2018/6/17,73.06,75.86,72.45,75.55
2018/6/10,76.3,77.07,73,73.44
2018/6/3,76.66,77.61,73.81,76.46
2018/5/27,76.11,78.75,74.49,76.79
2018/5/20,78.61,80.49,76.01,76.44
2018/5/13,77.05,80.5,76.55,78.51
2018/5/6,75,78,73.1,77.12
2018/4/29,74.62,75.41,72.38,74.87
2018/4/22,73.77,75.47,73.13,74.64
2018/4/15,72.7,74.75,70.83,74.06
2018/4/8,67.1,73.09,67,72.58
2018/4/1,69.32,70.04,66.69,67.11
2018/3/25,70.43,71.05,68.78,70.27
2018/3/18,66.01,70.57,65.39,70.45
2018/3/11,65.5,66.42,64.05,66.21
2018/3/4,64.65,66.16,63.43,65.49
2018/2/25,67.29,67.9,63.19,64.37
2018/2/18,64.96,67.37,64.4,67.31
2018/2/11,62.5,65.22,61.76,64.84
2018/2/4,68.15,68.46,61.77,62.79
2018/1/28,70.47,70.64,67.96,68.58
2018/1/21,68.8,71.28,68.39,70.52
2018/1/14,69.88,70.37,68.28,68.61
2018/1/7,67.8,70.05,67.44,69.87
2017/12/31,66.55,68.27,66.24,67.62
2017/12/24,65.2,67.1,65,66.87
2017/12/17,63.36,65.28,63,65.25
2017/12/10,63.29,65.83,62.01,63.23
2017/12/3,63.5,63.68,61.13,63.4
2017/11/26,63.8,64.32,62.5,63.73
2017/11/19,62.8,63.95,61.44,63.86
2017/11/12,63.68,63.77,61.08,62.72
2017/11/5,62.27,64.65,62.08,63.52
2017/10/29,60.66,62.23,60,62.07
2017/10/22,57.95,60.65,57.04,60.44
2017/10/15,57.28,58.54,56.6,57.75
2017/10/8,55.5,57.57,55.06,57.17
2017/10/1,56.73,57.28,55.13,55.62
2017/9/24,56.87,59.49,56.7,57.54
2017/9/17,55.59,56.91,54.82,56.86
2017/9/10,53.82,55.99,53.04,55.62
2017/9/3,52.85,54.87,51.99,53.78
2017/8/27,52.38,52.95,50.56,52.75
2017/8/20,53,53,51.3,52.41
2017/8/13,52.02,52.96,50,52.72
2017/8/6,52.39,53.64,51.3,52.1
2017/7/30,52.6,52.93,50.88,52.42
2017/7/23,47.96,52.7,47.68,52.52
2017/7/16,49.14,50.19,47.81,48.06
2017/7/9,46.84,49.11,46.11,48.91
2017/7/2,48.95,49.9,46.28,46.71
2017/6/25,45.63,48.12,45.04,47.92
2017/6/18,47.21,47.76,44.35,45.54
2017/6/11,48.06,49.15,46.7,47.37
2017/6/4,49.87,50.74,47.4,48.15
2017/5/28,52.24,52.61,48.95,49.95
2017/5/21,53.85,54.67,50.71,52.15
2017/5/14,50.89,53.82,50.74,53.61
2017/5/7,49.27,51.16,48.39,50.84
2017/4/30,51.88,52.16,46.64,49.1
2017/4/23,52.11,52.57,50.45,51.73
2017/4/16,55.55,55.98,51.57,51.96
2017/4/9,55.19,56.65,55.19,55.89
2017/4/2,53.62,56.08,52.73,55.24
2017/3/26,51.03,53.45,50.03,52.83
2017/3/19,51.8,52.22,49.71,50.8
2017/3/12,51.49,52.65,50.25,51.76
2017/3/5,55.8,56.65,51.14,51.37
2017/2/26,55.96,57.05,55.03,55.9
2017/2/19,55.9,57.31,55.64,55.99
2017/2/12,56.68,56.81,55.1,55.81
2017/2/5,56.85,57.13,54.44,56.7
2017/1/29,55.47,57.45,54.9,56.81
2017/1/22,55.7,56.55,54.65,55.52
2017/1/15,55.64,56.95,53.77,55.49
2017/1/8,56.81,57,53.58,55.45
2017/1/1,57.05,58.37,55.3,57.1
2016/12/25,55.18,57.2,55.04,56.82
2016/12/18,55.4,55.92,54.05,55.16
2016/12/11,55.88,57.89,53.15,55.21
2016/12/4,54.4,55.33,52.81,54.33
2016/11/27,46.71,54.53,45.92,54.46
2016/11/20,46.92,49.96,46.85,47.24
2016/11/13,44.54,47.62,43.57,46.86
2016/11/6,45.7,46.95,44.19,44.75
2016/10/30,49.41,49.72,45.08,45.58
2016/10/23,51.89,52.01,49.31,49.71
2016/10/16,51.93,53.14,51.12,51.78
2016/10/9,51.63,53.73,50.92,51.95
2016/10/2,50.02,52.84,49.74,51.93
2016/9/25,46.05,49.81,45.63,49.06
2016/9/18,46.01,48.26,45.09,45.89
2016/9/11,47.81,48.63,45.48,45.77
2016/9/4,46.7,50.14,46.29,48.01
2016/8/28,49.54,49.76,45.32,46.83
2016/8/21,50.7,50.76,48.48,49.92
2016/8/14,47.14,51.22,46.84,50.88
2016/8/7,44.34,47.25,43.46,46.97
2016/7/31,43.11,44.49,41.51,44.27
2016/7/24,45.7,45.87,41.8,42.46
2016/7/17,47.92,47.95,45.17,45.69
2016/7/10,46.49,48.57,45.9,47.61
2016/7/3,50.6,50.75,46.15,46.76
2016/6/26,48.43,50.74,46.69,50.35
2016/6/19,49.42,51.24,47.54,48.41
2016/6/12,50.42,50.79,46.94,49.17
2016/6/5,49.83,52.86,49.72,50.54
2016/5/29,49.43,50.33,48.65,49.64
2016/5/22,48.72,50.51,47.58,49.32
2016/5/15,47.8,49.85,47.38,48.72
2016/5/8,45.75,48.19,43.33,47.83
2016/5/1,47.37,47.4,44.19,45.37
2016/4/24,45.13,48.5,44.26,48.13
2016/4/17,41.8,46.18,40.1,45.11
2016/4/10,42,44.94,41.41,43.1
2016/4/3,38.69,42.01,37.27,41.94
2016/3/27,40.58,41,38.55,38.67
2016/3/20,41.31,42.08,39.22,40.44
2016/3/13,40.25,42.54,38.32,41.2
2016/3/6,38.88,41.48,38.87,40.39
2016/2/28,35.1,38.95,34.83,38.72
2016/2/21,33.25,37,32.37,35.1
2016/2/14,32.77,35.73,31.82,33.01
2016/2/7,33.99,34.68,29.92,33.36
2016/1/31,35.85,36.25,32.23,34.06
2016/1/24,32.1,35.84,29.27,34.74
2016/1/17,28.73,32.3,27.1,32.18
2016/1/10,33.34,33.38,28.82,28.94
2016/1/3,37.85,38.99,32.16,33.55
2015/12/27,37.84,37.98,36.1,37.28
2015/12/20,36.55,38.1,35.98,37.89
2015/12/13,37.85,39.41,36.33,36.88
2015/12/6,43.26,43.26,37.36,37.93
2015/11/29,44.86,45.75,42.43,43
2015/11/22,44.46,46.5,43.57,44.86
2015/11/15,44.7,45.5,43.15,44.66
2015/11/8,47.46,48.41,43.57,43.61
2015/11/1,49.5,50.91,47.27,47.42
2015/10/25,48,50,46.41,49.56
2015/10/18,50.38,50.68,47.45,47.99
2015/10/11,52.64,53.31,48.21,50.46
2015/10/4,48.08,54.05,47.84,52.65
2015/9/27,48.34,49.84,46.93,48.13
2015/9/20,47.64,50.25,47.4,48.6
2015/9/13,48.08,50.34,45.98,47.47
2015/9/6,49.27,50.04,46.76,48.14
2015/8/30,50.05,54.32,47.74,49.61
2015/8/23,45.35,50.98,42.23,50.05
2015/8/16,48.76,49.44,45.07,45.46
2015/8/9,48.43,51.1,48.24,49.03
2015/8/2,51.55,52.01,48.42,48.61
2015/7/26,54.45,54.89,51.63,52.21
2015/7/19,57.12,57.44,54.3,54.62
2015/7/12,58.35,58.83,56.4,57.1
2015/7/5,60,60,55.1,58.73
2015/6/28,62.85,63.83,60.12,60.32
2015/6/21,62.57,65.05,62.1,63.26
2015/6/14,63.62,65.47,62.24,63.02
2015/6/7,63.06,66.36,62.47,63.87
2015/5/31,65.59,65.88,60.94,63.31
2015/5/24,65.56,66.22,61.24,65.56
2015/5/17,66.91,67.88,63.95,65.37
2015/5/10,65.37,68.17,64.25,66.81
2015/5/3,66.4,69.63,64.23,65.39
2015/4/26,65.47,66.93,63.9,66.46
2015/4/19,63.85,65.8,61.39,65.28
2015/4/12,58.02,64.95,57.46,63.45
2015/4/5,55.18,59.27,55.08,57.87
2015/3/29,55.96,57.69,54,54.95
2015/3/22,55.24,59.78,54.12,56.41
2015/3/15,54.41,56.84,52.5,55.32
2015/3/8,59.62,60.02,54.43,54.67
2015/3/1,62.5,62.5,59.17,59.73
2015/2/22,60.3,62.83,58.1,62.58
2015/2/15,61.49,63,57.8,60.22
2015/2/8,57.93,61.77,53.91,61.52
2015/2/1,52.68,59.06,51.41,57.8
2015/1/25,48.56,53.08,47.57,52.99
2015/1/18,50.1,50.45,47.78,48.79
2015/1/11,49.93,50.62,45.19,50.17
2015/1/4,56.25,56.3,48.9,50.11
2014/12/28,59.65,60.43,55.48,56.42
2014/12/21,61.99,62.97,59.21,59.45
2014/12/14,61.2,63.7,58.5,61.38
2014/12/7,68.79,68.79,61.35,61.85
2014/11/30,70.15,73.03,67.53,69.07
2014/11/23,80.5,80.85,69.78,70.15
2014/11/16,79.5,81.61,77.56,80.36
2014/11/9,83.26,84.97,76.76,79.41
2014/11/2,85.85,86.4,81.63,83.39
2014/10/26,86.08,87.94,84.55,85.86
2014/10/19,86.35,87.19,84.12,86.13
2014/10/12,89.89,90.18,82.6,86.16
2014/10/5,91.9,93.21,88.11,90.21
2014/9/28,96.81,97.8,91.48,92.31
2014/9/21,98.5,98.5,95.6,97
2014/9/14,96.9,99.61,96.21,98.39
2014/9/7,100.8,101,96.72,97.11
2014/8/31,102.95,103.3,100.17,100.82
2014/8/24,102.1,103.4,101.65,103.19
2014/8/17,103.21,103.3,101.07,102.29
2014/8/10,105,105.43,101.92,103.53
2014/8/3,104.82,106.85,104.07,105.02
2014/7/27,108.3,108.38,104.39,104.84
2014/7/20,107.15,108.46,106.73,108.39
2014/7/13,106.42,108.62,104.39,107.24
2014/7/6,110.65,110.92,106.27,106.66
2014/6/29,113.3,113.3,110.53,110.64
2014/6/22,114.99,115.66,112.9,113.3
2014/6/15,112.73,115.71,112.16,114.81
2014/6/8,108.68,114.69,108.55,113.41
2014/6/1,109.7,109.87,107.77,108.61
2014/5/25,110.4,110.8,109.22,109.41
2014/5/18,109.82,111.04,109.1,110.54
2014/5/11,107.94,110.6,107.94,109.75
2014/5/4,108.92,109.02,106.96,107.89
2014/4/27,109.5,110.2,106.85,108.59
2014/4/20,109.76,110.65,108.53,109.58
2014/4/13,107.42,110.36,107.26,109.53
2014/4/6,106.35,108.14,105.13,107.33
2014/3/30,108,108.33,103.95,106.72
2014/3/23,107.01,108.39,106.44,108.07
2014/3/16,108.55,108.6,105.41,106.92
2014/3/9,108.73,108.85,106.98,108.57
2014/3/2,109.44,112.39,107.37,109
2014/2/23,109.65,110.77,108.4,109.07
2014/2/16,109.13,110.82,108.64,109.85
2014/2/9,109.75,109.75,107.85,109.08
2014/2/2,106.4,109.74,105.4,109.57
2014/1/26,107.91,108.4,106.3,106.4
2014/1/19,106.28,108.33,105.81,107.88
2014/1/12,107.25,107.64,105.44,106.48
2014/1/5,106.8,108.2,106.03,107.25
2013/12/29,112.2,112.64,106.79,106.89
2013/12/22,111.55,112.8,111.27,112.18
2013/12/15,109.15,111.89,107.8,111.77
2013/12/8,111.69,111.79,108.02,108.83
2013/12/1,109.6,113.02,109.28,111.61
2013/11/24,109,111.66,108.05,109.69
2013/11/17,108.5,111.4,106.51,111.05
2013/11/10,105.17,108.96,105.15,108.5
2013/11/3,105.78,106.58,102.98,105.12
2013/10/27,107.04,110.16,105.78,105.91
2013/10/20,109.96,110.94,106.27,106.93
2013/10/13,110.87,111.41,108.71,109.94
2013/10/6,109.21,112,107.89,111.28
2013/9/29,108.2,109.85,106.81,109.46
2013/9/22,109.22,110.09,107.43,108.63
2013/9/15,111.25,111.49,107.41,109.22
2013/9/8,115.93,116.18,110.59,112.78
2013/9/1,114,116.56,112.2,116.12
2013/8/25,111.15,117.34,110.5,114.01
2013/8/18,110.53,111.23,108.61,111.04
2013/8/11,108.13,111.53,107.43,110.4
2013/8/4,109.09,109.44,105.85,108.22
2013/7/28,107.19,110.09,105.73,108.95
2013/7/21,108.3,108.68,106.25,107.17
2013/7/14,108.99,109.72,107.01,108.07
2013/7/7,108,109.14,106.79,108.81
2013/6/30,101.9,107.88,101.63,107.72
2013/6/23,100.61,103.44,99.67,102.16
2013/6/16,105.77,106.67,100.04,100.91
2013/6/9,104.56,106.64,101.82,105.93
2013/6/2,100.15,105.01,99.66,104.56
2013/5/26,102.52,104.69,100.03,100.39
2013/5/19,104.75,105.31,100.64,102.64
2013/5/12,103.26,104.87,101.2,104.64
2013/5/5,104.25,105.94,101.56,103.91
2013/4/28,102.79,104.92,98.76,104.19
2013/4/21,99.56,103.49,98.78,103.16
2013/4/14,103.03,103.09,96.75,99.65
2013/4/7,104.28,106.5,101.09,103.11
2013/3/31,110.15,111.79,103.62,104.12
2013/3/24,106.86,110.1,106.8,110.02
2013/3/17,109.83,109.83,106.9,107.66
2013/3/10,110.67,111.2,107.91,109.82
2013/3/3,110.58,112.23,109.14,110.85
2013/2/24,114.19,115.87,109.82,110.4
2013/2/17,117.81,118.19,113.32,114.1
2013/2/10,118.9,119.12,116.28,117.66
2013/2/3,116.5,119.17,115.01,118.9
2013/1/27,113.45,117.07,112.6,116.76
2013/1/20,111.67,113.84,111.35,113.28
2013/1/13,110.62,112.46,109.45,111.89
2013/1/6,111.42,113.29,109.6,110.64
2012/12/30,110.35,112.9,109.38,111.31
2012/12/23,109.02,111.52,108.13,110.62
2012/12/16,108.3,110.66,107.58,108.97
2012/12/9,107.3,110.5,107.01,109.15
2012/12/2,110.96,112.33,106.63,107.02
2012/11/25,111.16,111.48,108.44,111.23
2012/11/18,109.2,112.2,109.01,111.38
2012/11/11,109.59,111.12,107.38,108.95
2012/11/4,105.55,111.64,104.76,109.4
2012/10/28,109.65,110.26,105.5,105.68
2012/10/21,109.95,110.97,106.8,109.55
2012/10/14,114.64,116.2,109.9,110.14
2012/10/7,111.99,116.02,110.54,114.62
2012/9/30,112.34,113.27,107.67,112.02
2012/9/23,111.5,113.4,108.45,112.39
2012/9/16,116.67,117.02,107.1,111.42
2012/9/9,114.55,117.95,113.92,116.66
2012/9/2,114.7,116.65,112.34,114.25
2012/8/26,113.8,115.5,111.5,114.57
2012/8/19,113.83,116.38,112.87,113.59
2012/8/12,113.4,117.03,112.7,113.71
2012/8/5,108.6,113.54,107.9,112.95
2012/7/29,106.37,109.13,104.06,108.94
2012/7/22,106.9,106.94,102.1,106.47
2012/7/15,102.76,108.18,102.07,106.83
2012/7/8,98.15,103.44,97.73,102.4
2012/7/1,97.6,102.34,95.3,98.19
2012/6/24,91.65,98.29,89.6,97.8
2012/6/17,98.04,99.5,88.49,90.98
2012/6/10,100.24,102.21,96.33,97.61
2012/6/3,98.43,102.45,95.63,99.47
2012/5/27,106.83,108.04,97.54,98.43
2012/5/20,107.4,109.43,105.03,106.83
2012/5/13,112.07,112.67,106.4,107.14
2012/5/6,112.8,113.64,110.34,112.26
2012/4/29,119.7,120.02,111.76,113.18
2012/4/22,118.7,120.17,117.21,119.83
2012/4/15,121,121,116.7,118.76
2012/4/8,122.85,122.86,119.05,121.83
2012/4/1,122.94,125.97,121.7,123.43
2012/3/25,125.04,126.18,121.37,122.88
2012/3/18,125.6,127.06,122.3,125.13
2012/3/11,125.84,126.79,120.97,125.81
2012/3/4,123.37,126.37,121.59,125.98
2012/2/26,125.25,128.4,120.5,123.65
2012/2/19,120,125.55,119.21,125.47
2012/2/12,117.69,120.7,117,119.58
2012/2/5,114.58,118.79,113.65,117.31
2012/1/29,111.5,114.71,110.25,114.58
2012/1/22,110.04,111.99,108.91,111.46
2012/1/15,110.7,112.76,109.42,109.86
2012/1/8,113.42,115.12,109.71,110.44
2012/1/1,108.35,114.64,108.35,113.06
2011/12/25,108.16,109.5,106.5,107.38
2011/12/18,103.63,108.55,102.37,107.96
2011/12/11,108.75,111.1,102.46,103.35
2011/12/4,110.36,111.62,107.11,108.62
2011/11/27,106.73,112.03,106.63,109.94
2011/11/20,107.46,109.45,105.65,106.4
2011/11/13,114.63,114.83,106.97,107.56
2011/11/6,112.41,116.48,111.26,114.16
2011/10/30,110.13,112.48,106.1,111.97
2011/10/23,109.32,112.79,108.76,109.91
2011/10/16,112.46,113.86,107.31,109.56
2011/10/9,106.01,114.8,105.65,114.68
2011/10/2,102,106.64,99.11,105.88
2011/9/25,103.61,107.54,101.66,102.76
2011/9/18,111.71,112.44,103.43,103.97
2011/9/11,112.43,116.1,110.42,112.22
2011/9/4,112.5,116.6,109.85,112.77
2011/8/28,110.77,115.36,110.53,112.33
2011/8/21,108.5,111.7,105.15,111.36
2011/8/14,108.1,111.74,105.06,108.62
2011/8/7,108.5,109.16,98.74,108.03
2011/7/31,117,120.4,104.3,109.37
2011/7/24,118.36,119.05,115.75,116.74
2011/7/17,117.55,119.25,114.66,118.67
2011/7/10,118.27,119.86,114.95,117.26
2011/7/3,111.3,119.87,110.45,118.33
2011/6/26,105.36,113.24,102.28,111.77
2011/6/19,112.96,114.48,103.62,105.12
2011/6/12,118.46,121.47,111.05,113.21
2011/6/5,115.96,120.07,113.8,118.78
2011/5/29,114.87,117.49,113.4,115.84
2011/5/22,112.12,115.68,108.58,115.03
2011/5/15,113.56,114,108.07,112.39
2011/5/8,110.2,118.43,109.05,113.83
2011/5/1,126.1,126.54,105.15,109.13
2011/4/24,123.99,126.66,122.71,125.89
2011/4/17,123.15,124.81,119.03,123.99
2011/4/10,126.58,127.02,120,123.45
2011/4/3,119.05,126.91,118.75,126.65
2011/3/27,115.75,119.14,113.52,118.7
2011/3/20,114.75,116.4,114.15,115.59
2011/3/13,113.6,117.29,107.35,113.93
2011/3/6,116.12,118.5,112.13,113.84
2011/2/27,112.5,117.81,111.25,115.97
2011/2/20,102.96,119.79,102.93,112.14
2011/2/13,101.13,104.52,100.73,102.52
2011/2/6,99.83,102.88,97.51,101.43
2011/1/30,99.61,103.37,98.5,99.83
2011/1/23,97.59,99.74,94.75,99.42
2011/1/16,98.33,98.75,95.43,97.6
2011/1/9,93.8,99.2,93.6,98.68
2011/1/2,94.75,96.17,92.37,93.33
2010/12/26,93.76,95.2,92.18,94.75
2010/12/19,91.65,94.74,91.02,93.77
2010/12/12,90.65,92.42,90.33,91.67
2010/12/5,91.46,92.86,89.86,90.48
2010/11/28,85.5,91.85,85.41,91.42
2010/11/21,84.34,86.5,82.43,85.58
2010/11/14,86.44,87.37,82.96,84.34
2010/11/7,88.3,89.7,85.76,86.34
2010/10/31,83.13,88.8,82.82,88.11
2010/10/24,83.15,84.2,81.85,83.15
2010/10/17,83.05,84.5,80.75,82.96
2010/10/10,84.33,85.46,81.95,82.45
2010/10/3,83.81,86.02,81.86,84.03
2010/9/26,79.01,83.81,77.6,83.75
2010/9/19,78.2,80,76.75,78.87
2010/9/12,78.23,79.9,77.25,78.21
2010/9/5,76.62,78.85,75.56,78.16
2010/8/29,76.65,77.46,74.24,76.67
2010/8/22,74.46,76.93,71.75,76.65
2010/8/15,75.12,77.69,74,74.26
2010/8/8,80.49,81.38,74.67,75.11
2010/8/1,78.11,82.86,78.1,80.16
2010/7/25,77.45,78.31,74.8,78.18
2010/7/18,75.13,78.1,74.75,77.45
2010/7/11,75.19,77.79,73.67,75.37
2010/7/4,71.56,75.86,70.77,75.42
2010/6/27,78.14,78.66,71.21,71.65
2010/6/20,78.49,79.86,75.4,78.12
2010/6/13,74.51,79.1,74.44,78.22
2010/6/6,71.55,75.88,70.5,74.35
2010/5/30,74.02,76.55,71.48,72.09
2010/5/23,71.8,75.74,68.15,74.02
2010/5/16,78.05,78.47,70.2,71.68
2010/5/9,78.9,81.76,76.8,77.18
2010/5/2,87.44,89.58,77.51,78.27
2010/4/25,87.27,87.75,84.88,87.44
2010/4/18,85.74,87.33,83.25,87.25
2010/4/11,84.87,87.58,83.51,85.99
2010/4/4,84.47,86.63,83.95,84.83
2010/3/28,79.48,84.5,79.48,84.01
2010/3/21,79.61,81.17,78,79.29
2010/3/14,79.09,82.08,77.25,79.88
2010/3/7,80.21,81.46,78.7,79.39
2010/2/28,77.69,80.53,76.21,79.89
2010/2/21,78.44,78.94,75.29,77.59
2010/2/14,73.12,78.45,72.29,78.19
2010/2/7,70.36,74,69.21,72.9
2010/1/31,71.35,76.99,67.87,69.59
2010/1/24,72.46,73.8,71.02,71.46
2010/1/17,76.91,77.85,72.17,72.83
2010/1/10,81.53,82.45,76.81,77.11
2010/1/3,78.49,82.21,78.34,81.37
2009/12/27,76.3,78.94,76.2,77.93
2009/12/20,73.62,76.5,71.97,76.31
2009/12/13,71.47,74.84,71.16,73.75
2009/12/6,77.83,78.25,71.02,71.88
2009/11/29,77.46,79.91,76.4,77.52
2009/11/22,77.55,79.58,73.7,77.18
2009/11/15,76.79,80.14,76.5,77.2
2009/11/8,76.26,78.92,75.03,75.55
2009/11/1,75.24,79.45,74.98,75.87
2009/10/25,78.49,80.1,75.09,75.2
2009/10/18,77.09,80.26,76.04,78.92
2009/10/11,70.29,77.22,70.29,76.99
2009/10/4,67.45,70.56,65.9,70
2009/9/27,65.42,69.79,64.49,68.07
2009/9/20,71.17,71.45,64.08,65.11
2009/9/13,67.68,72.2,66.66,71.32
2009/9/6,66.69,70.88,66.38,67.69
2009/8/30,72.79,72.95,65.96,66.82
2009/8/23,74.21,74.75,70.42,72.79
2009/8/16,71.35,74.97,69.21,74.19
2009/8/9,73.23,74.72,71.68,72.41
2009/8/2,71.98,76,71.5,73.59
2009/7/26,70.06,72.12,66.14,71.7
2009/7/19,65.03,70.46,65.03,70.32
2009/7/12,60.66,65.93,59.49,65.38
2009/7/5,65.2,65.46,59.53,60.52
2009/6/28,68.95,73.5,65.25,65.61
2009/6/21,69.47,70.81,65.9,68.92
2009/6/14,70.93,72.4,68.56,69.19
2009/6/7,67.79,72.27,66.88,70.92
2009/5/31,65.77,69.91,64.91,68.34
2009/5/24,61,65.8,58.41,65.52
2009/5/17,56.17,60.94,55.91,60.78
2009/5/10,57.8,59.05,55.85,55.98
2009/5/3,52.6,58.5,52.36,58.14
2009/4/26,51.04,53.05,48.4,52.85
2009/4/19,53.06,53.06,48.31,51.67
2009/4/12,53.98,54.12,50.9,53.35
2009/4/5,53.5,54.31,49.8,54.06
2009/3/29,51.5,54.26,47.26,53.47
2009/3/22,51.3,53.86,51.1,51.98
2009/3/15,44.25,51.7,42.59,51.22
2009/3/8,45.42,46.36,41.3,44.93
2009/3/1,45.56,46.54,41.6,44.85
2009/2/22,41.66,46.63,40.3,46.35
2009/2/15,44.3,45.5,39.35,41.89
2009/2/8,46.06,48.42,43.92,44.81
2009/2/1,46.06,47.48,43.7,46.21
2009/1/25,47.46,49.65,43.55,45.88
2009/1/18,46.3,48.61,42.85,48.37
2009/1/11,44.57,49.12,41.84,46.57
2009/1/4,48.2,52.21,42.79,44.42
2008/12/28,39.78,47.33,38.1,46.91
2008/12/21,44.65,44.77,36.2,38.37
2008/12/14,46,49.96,43.03,44
2008/12/7,40.48,48.36,40.48,46.41
2008/11/30,53,53,39.35,39.74
2008/11/23,50,54.9,48,53.49
2008/11/16,53.37,56.15,47.4,49.19
2008/11/9,58.38,61.98,50.6,54.24
2008/11/2,64.3,67.76,56.44,57.35
2008/10/26,61.93,68.35,59.02,65.32
2008/10/19,70.65,73.61,61,62.05
2008/10/12,77,80.74,65.45,69.6
2008/10/5,88.3,88.65,73.14,74.09
2008/9/28,103.29,103.29,88,90.25
2008/9/21,99.5,107.11,99.5,103.54
2008/9/14,95.99,100.5,88.9,99.61
2008/9/7,105.74,106.9,96.33,97.58
2008/8/31,115.5,115.56,103.43,104.09
2008/8/24,113,118.26,111.65,114.05
2008/8/17,112.3,120.93,110.7,113.92
2008/8/10,113.85,115.32,110.31,112.55
2008/8/3,125.3,125.3,112.8,113.33
2008/7/27,124.4,127.94,120.88,124.18
2008/7/20,131.04,133.75,123.39,124.52
2008/7/13,144.37,145.55,129.66,130.19
2008/7/6,144.4,147.5,135.5,144.49
2008/6/29,141.29,146.69,139.54,144.42
2008/6/22,134.56,142.97,132,140.31
2008/6/15,134.79,139.32,131.48,134.86
2008/6/8,137.25,137.74,130.5,134.25
2008/6/1,127.22,138.12,121.32,137.69
2008/5/25,131.25,133.41,125,127.78
2008/5/18,125.28,135.14,123.59,131.57
2008/5/11,125.63,126.34,120.1,124.99
2008/5/4,114.54,125.9,114.21,125.4
2008/4/27,117.32,117.51,108.42,114.56
2008/4/20,113.85,117.56,112.49,116.34
2008/4/13,108.26,114.22,108.09,113.92
2008/4/6,104.68,109.98,104.6,108.75
2008/3/30,103.36,105.32,98.99,104.9
2008/3/23,99.75,105.6,98.7,103.77
2008/3/16,106,107.97,98,100.38
2008/3/9,102.3,108.02,101.2,107.55
2008/3/2,100.12,103.98,96.92,102.38
2008/2/24,97.23,101.27,96.34,100.1
2008/2/17,94.9,99.22,94.44,97.01
2008/2/10,92.68,95.8,91.09,94.63
2008/2/3,89.1,92.32,86.83,91.94
2008/1/27,90.7,92.83,88.95,89.44
2008/1/20,89.57,91.4,85,90.9
2008/1/13,91.07,93.25,88.21,89.23
2008/1/6,96.69,97.48,90.83,91.07
2007/12/30,94.29,98.5,93.25,96.79
2007/12/23,92.29,95.87,91.35,93.88
2007/12/16,91.69,92.95,89.33,92.46
2007/12/9,88.77,94.44,87.51,92.67
2007/12/2,88.74,91.91,86.56,88.64
2007/11/25,95.9,96.65,87.55,88.26
2007/11/18,91.87,96.53,90.98,95.76
2007/11/11,92.54,93.46,87.88,91.62
2007/11/4,91.84,95.19,90.18,93.18
2007/10/28,88.69,92.21,86.13,92.08
2007/10/21,83.66,89.3,81.63,88.69
2007/10/14,80,84.88,80,83.79
2007/10/7,78.42,80.92,75.64,80.55
2007/9/30,79.25,79.54,76.31,78.9
2007/9/23,78.9,81.05,76.36,79.17
2007/9/16,76.2,79.94,75.52,79.3
2007/9/9,74.83,77.93,73.86,76.22
2007/9/2,72.69,75.7,72.69,75.07
2007/8/26,70.55,73.09,69.49,72.69
2007/8/19,69.7,70.84,68.14,70.62
2007/8/12,70.4,72.24,68.87,70.44
2007/8/5,74.45,74.73,68.95,70.39
2007/7/29,76.06,77.18,74.24,74.75
2007/7/22,77.32,77.5,74.23,76.26
2007/7/15,77.55,78.4,75.03,77.64
2007/7/8,75.46,77.7,74.91,77.57
2007/7/1,71.22,76.01,70.92,75.62
2007/6/24,70.75,71.6,69.4,71.41
2007/6/17,71.59,72.25,69.56,71.18
2007/6/10,68.69,71.88,68.2,71.47
2007/6/3,68.94,71.72,68.41,68.6
2007/5/27,70.5,70.5,66.8,69.07
2007/5/20,69.44,71.8,69.1,70.69
2007/5/13,66.65,70.35,65.93,69.42
2007/5/6,65.18,66.98,63.8,66.83
2007/4/29,68.23,68.73,64.95,65.31
2007/4/22,66.51,68.75,65.98,68.41
2007/4/15,68.75,69.17,64.76,66.49
2007/4/8,67.87,69.59,66.38,68.97
2007/4/1,67.91,69.58,66.93,68.24
2007/3/25,63.55,69.14,63.33,68.1
2007/3/18,60.64,63.68,60,63.18
2007/3/11,61.01,62.11,59.79,60.3
2007/3/4,61.7,62.84,60,61.13
2007/2/25,61.05,62.74,60.1,62.08
2007/2/18,58.8,61.68,56.81,60.88
2007/2/11,58.51,59.03,56.1,58.95
2007/2/4,58.55,59.63,56.74,59.01
2007/1/28,55.46,58.67,53.56,58.41
2007/1/21,53.75,55.88,52.18,55.29
2007/1/14,53.09,53.63,50.75,53.44
2007/1/7,55.86,57.19,51.65,52.95
2006/12/31,60.88,61.64,54.5,55.64
2006/12/24,62.54,63.3,60.04,60.86
2006/12/17,63.34,63.59,61.47,62.42
2006/12/10,62.16,63.61,61.05,63.49
2006/12/3,64.59,64.75,62.13,62.2
2006/11/26,59.78,64.92,59.47,64.62
2006/11/19,58.5,60.58,58.24,60.03
2006/11/12,59.8,61.37,57.85,58.99
2006/11/5,58.94,61.43,58.44,59.71
2006/10/29,61.2,61.2,57.39,59.15
2006/10/22,59.25,62.35,58.52,61.08
2006/10/15,59.4,62.5,58.82,59.68
2006/10/8,60.25,61.66,58.16,59.52
2006/10/1,62.7,62.82,57.7,59.83
2006/9/24,60.05,63.63,59.32,62.48
2006/9/17,63.47,64.86,60.11,60.41
2006/9/10,65.2,65.44,61.96,63.33
2006/9/3,69.15,69.49,65.16,65.33
2006/8/27,72.21,72.47,68.82,69.15
2006/8/20,72.59,74.09,71.61,72.7
2006/8/13,75.16,75.26,71.31,72.3
2006/8/6,76.15,78.65,75.1,75.63
2006/7/30,73.22,77.47,72.7,76.17
2006/7/23,73.85,75.54,72.78,73.39
2006/7/16,77.98,78.18,72.59,73.75
2006/7/9,73.2,78.03,72.11,77.27
2006/7/2,73.26,75.09,72.45,73.51
2006/6/25,69.86,73.69,69.47,73.51
2006/6/18,68.75,70.38,67.42,69.93
2006/6/11,70.5,71.2,66.33,68.8
2006/6/4,72.2,72.67,67.73,70.48
2006/5/28,70.8,71.99,69.01,71.03
2006/5/21,68.95,71.35,67.63,70.59
2006/5/14,71.5,71.5,68.25,68.68
2006/5/7,71.1,73.88,69.06,72.18
2006/4/30,71.98,74.97,69.79,70.88
2006/4/23,74.63,74.76,70.45,72.5
2006/4/16,70.99,74.79,70.52,74.17
2006/4/9,67.3,70.99,67.3,70.14
2006/4/2,66.3,68.24,65.73,67.29
2006/3/26,63.5,67.05,62.8,65.91
2006/3/19,63.29,63.9,60.98,63.51
2006/3/12,60.8,64.35,60.6,63.26
2006/3/5,64.18,64.18,59.26,60.83
2006/2/26,62.2,64.64,60.36,64.18
2006/2/19,60,62.87,59.81,62.6
2006/2/12,59.26,60.97,57.9,59.89
2006/2/5,63.85,64.5,59.41,59.64
2006/1/29,66.5,67.27,62.15,63.39
2006/1/22,67.05,67.11,63.87,66.24
2006/1/15,62.4,67.32,62.4,66.43
2006/1/8,62.75,63.28,61.04,62.26
2006/1/1,59.35,63.09,59.08,62.72
2005/12/25,56.1,59.23,55.52,58.98
2005/12/18,57.12,57.73,55.81,56.69
2005/12/11,58.03,60.4,57.06,57.13
2005/12/4,57.22,59.58,56.85,57.31
2005/11/27,55.3,57.21,53.75,57.05
2005/11/20,55.25,56.66,54.75,55.01
2005/11/13,55.25,56.78,53.9,54.88
2005/11/6,58.9,59.25,54.74,54.99
2005/10/30,59.24,60.65,57.44,59.25
2005/10/23,58.01,60.78,57.36,59.42
2005/10/16,60.28,61.12,57.05,58.48
2005/10/9,59.2,61.31,57.43,59.35
2005/10/2,63.63,63.96,58.24,59.21
2005/9/25,62.16,64.72,61,63.48
2005/9/18,62.35,65.8,62.01,62.44
2005/9/11,62.83,63.96,61.14,61.81
2005/9/4,66,66.08,61.59,62.84
2005/8/28,66.65,68.89,64.83,66.06
2005/8/21,64.4,66.65,63.59,64.87
2005/8/14,65.73,66.85,61.45,64.36
2005/8/7,61.3,66.77,61.24,66.45
2005/7/31,59.85,61.26,59.37,61.07
2005/7/24,57.55,59.84,56.56,59.37
2005/7/17,57.8,58.54,55.25,57.58
2005/7/10,57.6,59.58,56.5,57.61
2005/7/3,57.65,60.7,55.55,58.2
2005/6/26,58.85,59.59,55.04,57.54
2005/6/19,57.8,58.58,56.38,58.36
2005/6/12,52.55,57.95,52.55,57.76
2005/6/5,54.3,54.62,51.61,52.67
2005/5/29,50.47,54.24,49.87,54.17
2005/5/22,47.91,50.8,47.47,50.7
2005/5/15,48.36,49.8,47.6,48.03
2005/5/8,51.4,52.43,47.71,48.66
2005/5/1,51.78,51.98,49.66,50.77
2005/4/24,55.54,55.74,50.35,51.09
2005/4/17,51.15,55.4,50.44,54.97
2005/4/10,52.8,53.6,50.4,51.61
2005/4/3,56.8,57.65,52.58,52.89
2005/3/27,53,56.6,51.8,56.51
2005/3/20,55.59,55.87,52.65,53.93
2005/3/13,53.09,56.15,52.46,55.59
2005/3/6,51.74,54.3,50.95,53.1
2005/2/27,50,53,49.05,51.8
2005/2/20,46.45,49.9,46.39,49.61
2005/2/13,45.07,46.64,44.65,46.34
2005/2/6,43.7,44.92,42.46,44.8
2005/1/30,44.5,45.95,43.15,43.89
2005/1/23,46.2,47.35,44.5,44.95
2005/1/16,45.35,46.35,43.73,45.73
2005/1/9,43.2,45.47,42.5,45.15
2005/1/2,39.4,43.75,38.81,43.18
