日期,收盘,开盘,高,低
2026/1/18,"6,796.94","6,838.34","6,870.80","6,788.97"
2026/1/11,"6,940.01","6,944.12","6,986.33","6,885.74"
2026/1/4,"6,966.28","6,892.19","6,978.36","6,891.56"
2025/12/28,"6,858.47","6,903.60","6,920.21","6,824.31"
2025/12/21,"6,929.94","6,865.21","6,945.77","6,855.74"
2025/12/14,"6,834.50","6,860.19","6,861.59","6,720.43"
2025/12/7,"6,827.41","6,875.20","6,903.46","6,801.79"
2025/11/30,"6,870.40","6,812.30","6,895.78","6,799.94"
2025/11/23,"6,849.09","6,636.54","6,850.86","6,630.70"
2025/11/16,"6,602.99","6,713.61","6,770.35","6,521.92"
2025/11/9,"6,734.11","6,785.36","6,869.91","6,646.87"
2025/11/2,"6,728.80","6,882.32","6,882.32","6,631.44"
2025/10/26,"6,840.20","6,845.46","6,920.34","6,814.26"
2025/10/19,"6,791.69","6,690.05","6,807.11","6,655.69"
2025/10/12,"6,664.01","6,622.53","6,724.12","6,555.07"
2025/10/5,"6,552.51","6,733.86","6,764.58","6,550.78"
2025/9/28,"6,715.79","6,661.58","6,750.87","6,641.00"
2025/9/21,"6,643.70","6,654.28","6,699.52","6,569.22"
2025/9/14,"6,664.36","6,603.49","6,671.82","6,551.15"
2025/9/7,"6,584.29","6,498.09","6,600.21","6,483.08"
2025/8/31,"6,481.50","6,401.51","6,532.65","6,360.58"
2025/8/24,"6,460.26","6,457.67","6,508.23","6,429.21"
2025/8/17,"6,466.91","6,445.02","6,478.89","6,343.86"
2025/8/10,"6,449.80","6,389.67","6,481.34","6,364.06"
2025/8/3,"6,389.45","6,271.71","6,395.16","6,271.71"
2025/7/27,"6,238.01","6,397.69","6,427.02","6,212.69"
2025/7/20,"6,388.64","6,304.74","6,395.82","6,281.71"
2025/7/13,"6,296.79","6,255.15","6,315.61","6,201.59"
2025/7/6,"6,259.75","6,259.04","6,290.22","6,201.00"
2025/6/29,"6,279.35","6,193.36","6,284.65","6,174.97"
2025/6/22,"6,173.07","5,969.67","6,187.68","5,943.23"
2025/6/15,"5,967.84","6,004.00","6,050.83","5,952.56"
2025/6/8,"5,976.97","6,004.63","6,059.40","5,963.21"
2025/6/1,"6,000.36","5,896.68","6,016.87","5,861.43"
2025/5/25,"5,911.69","5,854.07","5,943.13","5,843.66"
2025/5/18,"5,802.82","5,902.88","5,968.61","5,767.41"
2025/5/11,"5,958.38","5,807.20","5,958.62","5,786.08"
2025/5/4,"5,659.91","5,655.32","5,720.10","5,578.64"
2025/4/27,"5,686.67","5,529.22","5,700.70","5,433.24"
2025/4/20,"5,525.21","5,232.94","5,528.11","5,101.63"
2025/4/13,"5,282.70","5,441.96","5,459.46","5,220.79"
2025/4/6,"5,363.36","4,953.79","5,481.34","4,835.04"
2025/3/30,"5,074.08","5,527.91","5,695.31","5,069.90"
2025/3/23,"5,580.94","5,718.08","5,786.95","5,572.42"
2025/3/16,"5,667.56","5,635.60","5,715.33","5,597.76"
2025/3/9,"5,638.94","5,705.37","5,705.37","5,504.65"
2025/3/2,"5,770.20","5,968.33","5,986.09","5,666.29"
2025/2/23,"5,954.50","6,026.69","6,043.65","5,837.66"
2025/2/16,"6,013.13","6,121.60","6,147.43","6,008.56"
2025/2/9,"6,114.63","6,046.40","6,127.47","6,003.00"
2025/2/2,"6,025.99","5,969.65","6,101.28","5,923.93"
2025/1/26,"6,040.53","5,969.04","6,120.91","5,962.92"
2025/1/19,"6,101.24","6,014.12","6,128.18","6,006.88"
2025/1/12,"5,996.66","5,782.02","6,014.96","5,773.31"
2025/1/5,"5,827.04","5,982.81","6,021.04","5,807.78"
2024/12/29,"5,942.47","5,920.67","5,949.34","5,829.53"
2024/12/22,"5,970.84","5,940.25","6,049.75","5,902.57"
2024/12/15,"5,930.85","6,063.79","6,085.19","5,832.30"
2024/12/8,"6,051.09","6,083.01","6,092.59","6,029.89"
2024/12/1,"6,090.27","6,040.11","6,099.97","6,033.39"
2024/11/24,"6,032.38","5,992.28","6,044.17","5,963.91"
2024/11/17,"5,969.34","5,874.17","5,972.90","5,855.29"
2024/11/10,"5,870.62","6,008.86","6,017.31","5,853.01"
2024/11/3,"5,995.54","5,725.15","6,012.45","5,696.51"
2024/10/27,"5,728.80","5,833.93","5,850.94","5,702.86"
2024/10/20,"5,808.12","5,857.82","5,866.92","5,762.41"
2024/10/13,"5,864.67","5,829.81","5,878.46","5,804.48"
2024/10/6,"5,815.03","5,737.80","5,822.13","5,686.85"
2024/9/29,"5,751.07","5,726.52","5,765.14","5,674.00"
2024/9/22,"5,738.17","5,711.90","5,767.37","5,698.99"
2024/9/15,"5,702.55","5,615.21","5,733.57","5,604.53"
2024/9/8,"5,626.02","5,442.07","5,636.27","5,406.96"
2024/9/1,"5,408.42","5,623.89","5,623.89","5,402.62"
2024/8/25,"5,648.40","5,639.66","5,651.62","5,560.95"
2024/8/18,"5,634.61","5,557.23","5,643.22","5,550.74"
2024/8/11,"5,554.25","5,351.88","5,561.98","5,324.37"
2024/8/4,"5,344.16","5,151.14","5,358.67","5,119.26"
2024/7/28,"5,346.56","5,476.55","5,566.16","5,302.03"
2024/7/21,"5,459.10","5,544.54","5,585.34","5,390.95"
2024/7/14,"5,505.00","5,638.16","5,669.67","5,497.04"
2024/7/7,"5,615.35","5,572.75","5,655.56","5,562.51"
2024/6/30,"5,567.19","5,471.08","5,570.33","5,446.53"
2024/6/23,"5,460.48","5,459.58","5,523.64","5,446.56"
2024/6/16,"5,464.62","5,431.11","5,505.53","5,420.40"
2024/6/9,"5,431.60","5,341.22","5,447.25","5,327.25"
2024/6/2,"5,346.99","5,297.15","5,375.08","5,234.32"
2024/5/26,"5,277.51","5,315.91","5,315.91","5,191.68"
2024/5/19,"5,304.72","5,305.35","5,341.88","5,256.93"
2024/5/12,"5,303.27","5,233.08","5,325.49","5,211.16"
2024/5/5,"5,222.68","5,142.42","5,239.66","5,142.42"
2024/4/28,"5,127.79","5,114.13","5,139.12","5,011.05"
2024/4/21,"5,099.96","4,987.33","5,114.62","4,969.40"
2024/4/14,"4,967.23","5,149.67","5,168.43","4,953.56"
2024/4/7,"5,123.41","5,211.37","5,224.81","5,107.94"
2024/3/31,"5,204.34","5,257.97","5,263.95","5,146.06"
2024/3/24,"5,254.35","5,219.52","5,264.85","5,203.42"
2024/3/17,"5,234.18","5,154.77","5,261.10","5,131.59"
2024/3/10,"5,117.09","5,111.96","5,179.87","5,091.14"
2024/3/3,"5,123.69","5,130.99","5,189.26","5,056.82"
2024/2/25,"5,137.08","5,093.00","5,140.33","5,057.29"
2024/2/18,"5,088.80","4,989.32","5,111.06","4,946.00"
2024/2/11,"5,005.57","5,026.83","5,048.39","4,920.31"
2024/2/4,"5,026.61","4,957.19","5,030.06","4,918.09"
2024/1/28,"4,958.61","4,892.95","4,975.29","4,845.15"
2024/1/21,"4,890.97","4,853.42","4,906.69","4,844.05"
2024/1/14,"4,839.81","4,772.35","4,842.07","4,714.82"
2024/1/7,"4,783.83","4,703.70","4,802.40","4,699.82"
2023/12/31,"4,697.24","4,745.20","4,754.33","4,682.11"
2023/12/24,"4,769.83","4,758.86","4,793.30","4,751.99"
2023/12/17,"4,754.63","4,725.58","4,778.01","4,697.82"
2023/12/10,"4,719.19","4,593.39","4,738.57","4,593.39"
2023/12/3,"4,604.37","4,564.37","4,609.23","4,546.50"
2023/11/26,"4,594.63","4,554.86","4,599.39","4,537.24"
2023/11/19,"4,559.34","4,511.70","4,568.43","4,510.36"
2023/11/12,"4,514.02","4,406.66","4,521.17","4,393.82"
2023/11/5,"4,415.24","4,364.27","4,418.03","4,343.94"
2023/10/29,"4,358.34","4,139.39","4,373.62","4,132.94"
2023/10/22,"4,117.37","4,210.40","4,259.38","4,103.78"
2023/10/15,"4,224.16","4,342.37","4,393.57","4,223.03"
2023/10/8,"4,327.78","4,289.02","4,385.85","4,283.79"
2023/10/1,"4,308.50","4,284.52","4,324.10","4,216.45"
2023/9/24,"4,288.05","4,310.62","4,338.51","4,238.63"
2023/9/17,"4,320.06","4,445.13","4,466.36","4,316.49"
2023/9/10,"4,450.32","4,480.98","4,511.99","4,447.21"
2023/9/3,"4,457.49","4,510.06","4,514.29","4,430.46"
2023/8/27,"4,515.77","4,426.03","4,541.25","4,414.98"
2023/8/20,"4,405.71","4,380.28","4,458.30","4,356.29"
2023/8/13,"4,369.71","4,458.13","4,490.33","4,335.31"
2023/8/6,"4,464.05","4,491.58","4,527.37","4,443.98"
2023/7/30,"4,478.03","4,584.82","4,594.22","4,474.55"
2023/7/23,"4,582.23","4,543.39","4,607.07","4,528.56"
2023/7/16,"4,536.34","4,508.86","4,578.43","4,504.90"
2023/7/9,"4,505.42","4,394.23","4,527.76","4,389.92"
2023/7/2,"4,398.95","4,450.48","4,456.46","4,385.05"
2023/6/25,"4,450.38","4,344.84","4,458.48","4,328.08"
2023/6/18,"4,348.33","4,396.11","4,400.15","4,341.34"
2023/6/11,"4,409.59","4,308.32","4,448.47","4,304.37"
2023/6/4,"4,298.86","4,282.99","4,322.62","4,261.07"
2023/5/28,"4,282.37","4,226.71","4,290.67","4,166.15"
2023/5/21,"4,205.45","4,190.78","4,212.87","4,103.98"
2023/5/14,"4,191.98","4,126.65","4,212.91","4,109.86"
2023/5/7,"4,124.08","4,136.98","4,154.28","4,098.92"
2023/4/30,"4,136.25","4,166.79","4,186.92","4,048.28"
2023/4/23,"4,169.48","4,132.07","4,170.06","4,049.35"
2023/4/16,"4,133.52","4,137.17","4,169.48","4,113.86"
2023/4/9,"4,137.64","4,085.20","4,163.19","4,072.55"
2023/4/2,"4,105.02","4,102.20","4,133.13","4,069.84"
2023/3/26,"4,109.31","3,982.93","4,110.75","3,951.53"
2023/3/19,"3,970.99","3,917.47","4,039.49","3,909.16"
2023/3/12,"3,916.64","3,835.12","3,964.46","3,808.86"
2023/3/5,"3,861.59","4,055.15","4,078.49","3,846.32"
2023/2/26,"4,045.64","3,992.36","4,048.29","3,928.16"
2023/2/19,"3,970.04","4,052.35","4,052.35","3,943.08"
2023/2/12,"4,079.09","4,096.62","4,159.77","4,047.95"
2023/2/5,"4,090.46","4,119.57","4,176.54","4,060.79"
2023/1/29,"4,136.48","4,049.27","4,195.44","4,015.55"
2023/1/22,"4,070.56","3,978.14","4,094.21","3,949.06"
2023/1/15,"3,972.61","3,999.28","4,015.39","3,885.54"
2023/1/8,"3,999.09","3,910.82","4,003.95","3,877.29"
2023/1/1,"3,895.08","3,853.29","3,906.19","3,794.33"
2022/12/25,"3,839.50","3,843.34","3,858.19","3,780.78"
2022/12/18,"3,844.82","3,853.79","3,889.82","3,764.49"
2022/12/11,"3,852.36","3,939.29","4,100.96","3,827.91"
2022/12/4,"3,934.38","4,052.02","4,052.45","3,918.39"
2022/11/27,"4,071.70","4,005.36","4,100.51","3,937.65"
2022/11/20,"4,026.12","3,956.23","4,034.02","3,933.34"
2022/11/13,"3,965.34","3,977.97","4,028.84","3,906.54"
2022/11/6,"3,992.93","3,780.71","4,001.48","3,744.22"
2022/10/30,"3,770.55","3,881.85","3,911.79","3,698.15"
2022/10/23,"3,901.06","3,762.01","3,905.42","3,741.65"
2022/10/16,"3,752.75","3,638.65","3,762.79","3,638.65"
2022/10/9,"3,583.07","3,647.51","3,712.00","3,491.58"
2022/10/2,"3,639.66","3,609.78","3,806.91","3,604.93"
2022/9/25,"3,585.62","3,682.72","3,736.74","3,584.13"
2022/9/18,"3,693.23","3,849.91","3,907.07","3,647.47"
2022/9/11,"3,873.33","4,083.67","4,119.28","3,837.08"
2022/9/4,"4,067.36","3,930.89","4,076.81","3,886.75"
2022/8/28,"3,924.26","4,034.58","4,062.99","3,903.65"
2022/8/21,"4,057.66","4,195.08","4,203.04","4,057.66"
2022/8/14,"4,228.48","4,269.37","4,325.28","4,218.70"
2022/8/7,"4,280.15","4,155.93","4,280.47","4,112.09"
2022/7/31,"4,145.19","4,112.38","4,167.66","4,079.81"
2022/7/24,"4,130.29","3,965.72","4,140.15","3,910.74"
2022/7/17,"3,961.63","3,883.79","4,012.44","3,818.63"
2022/7/10,"3,863.16","3,880.94","3,880.94","3,721.56"
2022/7/3,"3,899.38","3,792.61","3,918.50","3,742.06"
2022/6/26,"3,825.33","3,920.76","3,945.86","3,738.67"
2022/6/19,"3,911.74","3,715.31","3,913.65","3,715.31"
2022/6/12,"3,674.84","3,838.15","3,838.15","3,636.87"
2022/6/5,"3,900.86","4,134.72","4,168.78","3,900.16"
2022/5/29,"4,108.54","4,151.09","4,177.51","4,073.85"
2022/5/22,"4,158.24","3,919.42","4,158.49","3,875.13"
2022/5/15,"3,901.36","4,013.02","4,090.72","3,810.32"
2022/5/8,"4,023.89","4,081.27","4,081.27","3,858.87"
2022/5/1,"4,123.34","4,130.61","4,307.66","4,062.51"
2022/4/24,"4,131.93","4,255.34","4,308.45","4,124.28"
2022/4/17,"4,271.78","4,385.63","4,512.94","4,267.62"
2022/4/10,"4,392.59","4,462.64","4,471.00","4,381.34"
2022/4/3,"4,488.28","4,547.97","4,593.45","4,450.04"
2022/3/27,"4,545.86","4,541.09","4,637.30","4,507.57"
2022/3/20,"4,543.06","4,462.40","4,546.03","4,424.30"
2022/3/13,"4,463.12","4,202.75","4,465.40","4,161.72"
2022/3/6,"4,204.31","4,327.01","4,327.01","4,157.87"
2022/2/27,"4,328.87","4,354.17","4,416.78","4,279.54"
2022/2/20,"4,384.65","4,332.74","4,385.34","4,114.65"
2022/2/13,"4,348.87","4,412.61","4,489.55","4,327.22"
2022/2/6,"4,418.64","4,505.75","4,590.03","4,401.41"
2022/1/30,"4,500.53","4,431.79","4,595.31","4,414.02"
2022/1/23,"4,431.85","4,356.32","4,453.23","4,222.62"
2022/1/16,"4,397.94","4,632.24","4,632.24","4,395.34"
2022/1/9,"4,662.85","4,655.34","4,748.83","4,582.24"
2022/1/2,"4,677.03","4,778.14","4,818.62","4,662.74"
2021/12/26,"4,766.18","4,733.99","4,808.93","4,733.99"
2021/12/19,"4,725.79","4,587.90","4,740.74","4,531.10"
2021/12/12,"4,620.64","4,710.30","4,731.99","4,600.22"
2021/12/5,"4,712.02","4,548.37","4,713.57","4,540.51"
2021/11/28,"4,538.43","4,628.75","4,672.95","4,495.12"
2021/11/21,"4,594.62","4,712.00","4,743.83","4,585.43"
2021/11/14,"4,697.96","4,689.30","4,717.75","4,672.78"
2021/11/7,"4,682.85","4,701.48","4,714.92","4,630.86"
2021/10/31,"4,697.53","4,610.62","4,718.50","4,595.06"
2021/10/24,"4,605.38","4,553.69","4,608.08","4,537.36"
2021/10/17,"4,544.90","4,463.72","4,559.67","4,447.47"
2021/10/10,"4,471.37","4,385.44","4,475.82","4,329.92"
2021/10/3,"4,391.34","4,348.84","4,429.97","4,278.94"
2021/9/26,"4,357.04","4,442.12","4,457.30","4,288.52"
2021/9/19,"4,455.48","4,402.95","4,465.40","4,305.91"
2021/9/12,"4,432.99","4,474.81","4,492.99","4,427.76"
2021/9/5,"4,458.58","4,535.38","4,535.38","4,457.66"
2021/8/29,"4,535.43","4,513.76","4,545.85","4,513.76"
2021/8/22,"4,509.37","4,450.29","4,513.33","4,450.29"
2021/8/15,"4,441.67","4,461.65","4,480.26","4,367.73"
2021/8/8,"4,468.00","4,437.77","4,468.37","4,424.74"
2021/8/1,"4,436.52","4,406.86","4,440.82","4,373.00"
2021/7/25,"4,395.26","4,409.58","4,429.97","4,372.51"
2021/7/18,"4,411.79","4,296.40","4,415.18","4,233.13"
2021/7/11,"4,327.16","4,372.41","4,393.68","4,322.53"
2021/7/4,"4,369.55","4,356.46","4,371.60","4,289.37"
2021/6/27,"4,352.34","4,284.90","4,355.43","4,274.67"
2021/6/20,"4,280.70","4,173.40","4,286.12","4,173.40"
2021/6/13,"4,166.45","4,248.31","4,257.16","4,164.40"
2021/6/6,"4,247.44","4,229.34","4,249.74","4,208.41"
2021/5/30,"4,229.89","4,216.52","4,234.12","4,167.93"
2021/5/23,"4,204.11","4,170.16","4,218.36","4,170.16"
2021/5/16,"4,155.86","4,169.92","4,188.72","4,061.41"
2021/5/9,"4,173.85","4,228.29","4,236.39","4,056.88"
2021/5/2,"4,232.60","4,191.98","4,238.04","4,128.59"
2021/4/25,"4,181.17","4,185.03","4,218.78","4,174.85"
2021/4/18,"4,180.17","4,179.80","4,194.17","4,118.38"
2021/4/11,"4,185.47","4,124.71","4,191.31","4,114.82"
2021/4/4,"4,128.80","4,034.44","4,129.48","4,034.44"
2021/3/28,"4,019.87","3,969.31","4,020.63","3,943.25"
2021/3/21,"3,974.54","3,916.48","3,978.19","3,853.50"
2021/3/14,"3,913.10","3,942.96","3,983.87","3,886.75"
2021/3/7,"3,943.34","3,844.39","3,960.27","3,819.25"
2021/2/28,"3,841.94","3,842.51","3,914.50","3,723.34"
2021/2/21,"3,811.15","3,885.55","3,928.65","3,789.54"
2021/2/14,"3,906.71","3,939.61","3,950.43","3,885.03"
2021/2/7,"3,934.83","3,892.59","3,937.23","3,884.94"
2021/1/31,"3,886.83","3,731.17","3,894.56","3,725.62"
2021/1/24,"3,714.24","3,851.68","3,870.90","3,694.12"
2021/1/17,"3,841.47","3,781.88","3,861.45","3,780.37"
2021/1/10,"3,768.25","3,803.14","3,823.60","3,749.62"
2021/1/3,"3,824.68","3,764.61","3,826.69","3,662.71"
2020/12/27,"3,756.07","3,723.03","3,760.20","3,723.03"
2020/12/20,"3,703.06","3,684.28","3,711.24","3,636.48"
2020/12/13,"3,709.41","3,675.27","3,726.70","3,645.84"
2020/12/6,"3,663.46","3,694.73","3,712.39","3,633.40"
2020/11/29,"3,699.12","3,634.18","3,699.20","3,594.39"
2020/11/22,"3,638.35","3,566.82","3,644.31","3,552.77"
2020/11/15,"3,557.54","3,600.16","3,628.51","3,543.84"
2020/11/8,"3,585.15","3,583.04","3,645.99","3,511.91"
2020/11/1,"3,509.44","3,296.20","3,529.05","3,279.74"
2020/10/25,"3,269.96","3,441.42","3,441.42","3,233.94"
2020/10/18,"3,465.39","3,493.66","3,502.42","3,415.34"
2020/10/11,"3,483.81","3,500.02","3,549.85","3,440.89"
2020/10/4,"3,477.13","3,367.27","3,482.34","3,354.54"
2020/9/27,"3,348.44","3,333.90","3,397.18","3,323.69"
2020/9/20,"3,298.46","3,285.57","3,323.35","3,209.45"
2020/9/13,"3,319.47","3,363.56","3,428.92","3,292.40"
2020/9/6,"3,340.97","3,371.88","3,425.55","3,310.47"
2020/8/30,"3,426.96","3,509.73","3,588.11","3,349.63"
2020/8/23,"3,508.01","3,418.09","3,509.23","3,413.13"
2020/8/16,"3,397.16","3,380.86","3,399.96","3,354.69"
2020/8/9,"3,372.85","3,356.04","3,387.89","3,326.44"
2020/8/2,"3,351.28","3,288.26","3,352.54","3,284.53"
2020/7/26,"3,271.12","3,219.84","3,272.17","3,204.13"
2020/7/19,"3,215.63","3,224.29","3,279.99","3,200.05"
2020/7/12,"3,224.73","3,205.08","3,238.28","3,127.66"
2020/7/5,"3,185.04","3,155.29","3,186.82","3,115.70"
2020/6/28,"3,130.01","3,018.59","3,165.81","2,999.74"
2020/6/21,"3,009.05","3,094.42","3,154.90","3,004.63"
2020/6/14,"3,097.74","2,993.76","3,155.53","2,965.66"
2020/6/7,"3,041.31","3,199.92","3,233.13","2,984.47"
2020/5/31,"3,193.93","3,038.78","3,211.72","3,031.54"
2020/5/24,"3,044.31","3,004.08","3,068.67","2,969.75"
2020/5/17,"2,955.45","2,913.86","2,980.29","2,913.86"
2020/5/10,"2,863.70","2,915.46","2,945.82","2,766.64"
2020/5/3,"2,929.80","2,815.01","2,932.16","2,797.85"
2020/4/26,"2,830.71","2,854.65","2,954.86","2,821.61"
2020/4/19,"2,836.74","2,845.62","2,868.98","2,727.10"
2020/4/12,"2,874.56","2,782.46","2,879.22","2,721.17"
2020/4/5,"2,789.82","2,578.28","2,818.57","2,574.57"
2020/3/29,"2,488.65","2,558.98","2,641.39","2,447.49"
2020/3/22,"2,541.47","2,290.71","2,637.01","2,191.86"
2020/3/15,"2,304.92","2,508.59","2,562.98","2,280.52"
2020/3/8,"2,711.02","2,863.89","2,882.59","2,478.86"
2020/3/1,"2,972.37","2,974.28","3,136.72","2,901.54"
2020/2/23,"2,954.22","3,257.61","3,259.81","2,855.84"
2020/2/16,"3,337.75","3,369.04","3,393.52","3,328.45"
2020/2/9,"3,380.16","3,318.28","3,385.09","3,317.77"
2020/2/2,"3,327.71","3,235.66","3,347.96","3,235.66"
2020/1/26,"3,225.52","3,247.16","3,293.47","3,214.68"
2020/1/19,"3,295.47","3,321.03","3,337.77","3,281.53"
2020/1/12,"3,329.62","3,271.13","3,329.88","3,268.43"
2020/1/5,"3,265.35","3,217.55","3,282.99","3,214.64"
2019/12/29,"3,234.85","3,240.09","3,258.14","3,212.03"
2019/12/22,"3,240.02","3,226.05","3,247.93","3,220.51"
2019/12/15,"3,221.22","3,183.63","3,225.65","3,183.63"
2019/12/8,"3,168.80","3,141.86","3,182.68","3,126.09"
2019/12/1,"3,145.91","3,143.85","3,150.60","3,070.33"
2019/11/24,"3,140.98","3,117.44","3,154.26","3,117.44"
2019/11/17,"3,110.29","3,117.91","3,127.64","3,091.41"
2019/11/10,"3,120.46","3,080.33","3,120.46","3,075.82"
2019/11/3,"3,093.08","3,078.96","3,097.77","3,065.89"
2019/10/27,"3,066.91","3,032.12","3,066.95","3,023.19"
2019/10/20,"3,022.55","2,996.48","3,027.39","2,991.21"
2019/10/13,"2,986.20","2,965.81","3,008.29","2,962.94"
2019/10/6,"2,970.27","2,944.23","2,993.28","2,892.66"
2019/9/29,"2,952.01","2,967.07","2,992.53","2,855.94"
2019/9/22,"2,961.79","2,983.50","3,007.98","2,945.53"
2019/9/15,"2,992.07","2,996.41","3,021.99","2,978.57"
2019/9/8,"3,007.39","2,988.43","3,020.74","2,957.01"
2019/9/1,"2,978.71","2,909.01","2,985.86","2,891.85"
2019/8/25,"2,926.46","2,866.70","2,940.43","2,853.05"
2019/8/18,"2,847.11","2,913.48","2,939.08","2,834.97"
2019/8/11,"2,888.68","2,907.07","2,943.31","2,825.51"
2019/8/4,"2,918.65","2,898.07","2,938.72","2,822.12"
2019/7/28,"2,932.05","3,024.47","3,025.61","2,914.11"
2019/7/21,"3,025.86","2,981.93","3,027.98","2,976.65"
2019/7/14,"2,976.61","3,017.80","3,017.80","2,973.09"
2019/7/7,"3,013.77","2,979.77","3,013.92","2,963.44"
2019/6/30,"2,990.41","2,971.41","2,995.84","2,952.22"
2019/6/23,"2,941.76","2,951.42","2,954.92","2,912.99"
2019/6/16,"2,950.46","2,889.75","2,964.15","2,887.30"
2019/6/9,"2,886.98","2,885.83","2,910.61","2,874.68"
2019/6/2,"2,873.34","2,751.53","2,884.97","2,728.81"
2019/5/26,"2,752.06","2,830.03","2,840.51","2,750.52"
2019/5/19,"2,826.06","2,841.94","2,868.88","2,805.49"
2019/5/12,"2,859.53","2,840.19","2,892.15","2,801.43"
2019/5/5,"2,881.40","2,908.89","2,937.32","2,825.39"
2019/4/28,"2,945.64","2,940.58","2,954.13","2,900.50"
2019/4/21,"2,939.88","2,898.78","2,939.88","2,896.35"
2019/4/14,"2,905.03","2,908.32","2,918.00","2,891.90"
2019/4/7,"2,907.41","2,888.46","2,910.54","2,873.33"
2019/3/31,"2,892.74","2,848.63","2,893.24","2,848.63"
2019/3/24,"2,834.40","2,796.01","2,836.03","2,785.02"
2019/3/17,"2,800.71","2,822.61","2,860.31","2,800.47"
2019/3/10,"2,822.48","2,747.61","2,830.73","2,747.61"
2019/3/3,"2,743.07","2,814.37","2,816.88","2,722.27"
2019/2/24,"2,803.69","2,804.35","2,813.49","2,775.13"
2019/2/17,"2,792.67","2,769.28","2,794.20","2,764.55"
2019/2/10,"2,775.60","2,712.40","2,775.66","2,703.79"
2019/2/3,"2,707.88","2,706.49","2,738.98","2,681.83"
2019/1/27,"2,706.53","2,644.97","2,716.66","2,624.06"
2019/1/20,"2,664.76","2,657.88","2,672.38","2,612.86"
2019/1/13,"2,670.71","2,580.31","2,675.47","2,570.41"
2019/1/6,"2,596.26","2,535.61","2,597.82","2,524.56"
2018/12/30,"2,531.94","2,498.94","2,538.07","2,443.96"
2018/12/23,"2,485.70","2,400.60","2,520.30","2,346.60"
2018/12/16,"2,416.60","2,590.80","2,601.10","2,408.60"
2018/12/9,"2,599.90","2,630.90","2,685.40","2,583.20"
2018/12/2,"2,633.10","2,790.50","2,800.20","2,621.50"
2018/11/25,"2,760.20","2,650.00","2,760.90","2,650.00"
2018/11/18,"2,632.60","2,730.70","2,733.20","2,631.10"
2018/11/11,"2,736.30","2,773.90","2,776.00","2,670.80"
2018/11/4,"2,781.00","2,726.40","2,815.20","2,717.90"
2018/10/28,"2,723.10","2,682.70","2,756.60","2,603.50"
2018/10/21,"2,658.70","2,773.90","2,778.90","2,628.20"
2018/10/14,"2,767.80","2,763.80","2,816.90","2,749.00"
2018/10/7,"2,767.10","2,877.50","2,894.80","2,710.50"
2018/9/30,"2,885.60","2,926.30","2,939.90","2,869.30"
2018/9/23,"2,914.00","2,921.80","2,931.20","2,903.30"
2018/9/16,"2,929.70","2,903.80","2,940.90","2,886.20"
2018/9/9,"2,905.00","2,881.40","2,908.30","2,866.80"
2018/9/2,"2,871.70","2,897.00","2,900.20","2,864.10"
2018/8/26,"2,901.50","2,884.70","2,916.50","2,884.70"
2018/8/19,"2,874.70","2,853.90","2,876.20","2,850.60"
2018/8/12,"2,850.10","2,835.50","2,855.60","2,802.50"
2018/8/5,"2,833.30","2,840.30","2,863.40","2,825.80"
2018/7/29,"2,840.30","2,819.00","2,840.40","2,796.30"
2018/7/22,"2,818.80","2,799.20","2,848.00","2,795.10"
2018/7/15,"2,801.80","2,801.40","2,816.80","2,789.20"
2018/7/8,"2,801.30","2,768.50","2,804.50","2,768.50"
2018/7/1,"2,759.80","2,704.90","2,764.40","2,698.90"
2018/6/24,"2,718.40","2,742.90","2,746.10","2,692.00"
2018/6/17,"2,754.90","2,765.80","2,775.00","2,743.20"
2018/6/10,"2,779.70","2,780.20","2,791.50","2,761.70"
2018/6/3,"2,779.00","2,741.70","2,779.90","2,739.50"
2018/5/27,"2,734.60","2,705.10","2,736.90","2,676.80"
2018/5/20,"2,721.30","2,725.90","2,742.20","2,707.40"
2018/5/13,"2,713.00","2,733.40","2,742.10","2,701.90"
2018/5/6,"2,727.70","2,669.40","2,732.90","2,655.20"
2018/4/29,"2,663.40","2,675.10","2,682.90","2,594.60"
2018/4/22,"2,669.90","2,675.40","2,683.60","2,612.70"
2018/4/15,"2,670.10","2,670.10","2,717.50","2,660.60"
2018/4/8,"2,656.30","2,617.20","2,680.30","2,610.80"
2018/4/1,"2,604.50","2,633.40","2,672.10","2,553.80"
2018/3/25,"2,640.90","2,619.30","2,674.80","2,593.10"
2018/3/18,"2,588.30","2,741.40","2,741.40","2,585.90"
2018/3/11,"2,752.00","2,790.50","2,801.90","2,741.50"
2018/3/4,"2,786.60","2,681.10","2,786.60","2,675.80"
2018/2/25,"2,691.20","2,757.40","2,789.20","2,647.30"
2018/2/18,"2,747.30","2,723.00","2,747.80","2,697.80"
2018/2/11,"2,732.20","2,636.80","2,754.40","2,622.40"
2018/2/4,"2,619.60","2,741.10","2,763.40","2,532.70"
2018/1/28,"2,762.10","2,867.20","2,870.60","2,760.00"
2018/1/21,"2,872.90","2,809.20","2,872.90","2,808.10"
2018/1/14,"2,810.30","2,799.00","2,810.30","2,768.60"
2018/1/7,"2,786.20","2,742.70","2,787.80","2,736.10"
2017/12/31,"2,743.20","2,683.70","2,743.40","2,682.40"
2017/12/24,"2,673.60","2,679.10","2,692.10","2,673.60"
2017/12/17,"2,683.30","2,685.90","2,695.00","2,676.10"
2017/12/10,"2,675.80","2,652.20","2,679.60","2,651.50"
2017/12/3,"2,651.50","2,657.20","2,665.20","2,624.80"
2017/11/26,"2,642.20","2,602.70","2,657.70","2,598.90"
2017/11/19,"2,602.40","2,579.50","2,604.20","2,578.20"
2017/11/12,"2,578.80","2,576.50","2,590.10","2,557.40"
2017/11/5,"2,582.30","2,587.50","2,597.00","2,566.30"
2017/10/29,"2,587.80","2,577.80","2,588.40","2,566.20"
2017/10/22,"2,581.10","2,578.10","2,583.00","2,544.00"
2017/10/15,"2,575.20","2,555.60","2,575.40","2,547.90"
2017/10/8,"2,553.20","2,551.40","2,557.70","2,541.60"
2017/10/1,"2,549.30","2,521.20","2,552.50","2,520.40"
2017/9/24,"2,519.40","2,499.40","2,519.40","2,488.00"
2017/9/17,"2,502.20","2,502.50","2,508.80","2,496.50"
2017/9/10,"2,500.20","2,474.50","2,500.20","2,474.50"
2017/9/3,"2,461.40","2,470.30","2,472.00","2,446.60"
2017/8/27,"2,476.60","2,447.30","2,480.40","2,428.20"
2017/8/20,"2,443.10","2,425.50","2,454.80","2,417.30"
2017/8/13,"2,425.60","2,455.00","2,474.90","2,420.70"
2017/8/6,"2,441.30","2,477.10","2,490.90","2,437.80"
2017/7/30,"2,476.80","2,475.90","2,480.40","2,466.50"
2017/7/23,"2,472.10","2,472.00","2,484.00","2,459.90"
2017/7/16,"2,472.50","2,459.50","2,477.60","2,450.30"
2017/7/9,"2,459.30","2,424.50","2,463.50","2,412.80"
2017/7/2,"2,425.20","2,431.40","2,439.20","2,407.70"
2017/6/25,"2,423.40","2,443.30","2,450.40","2,405.70"
2017/6/18,"2,438.30","2,442.60","2,453.80","2,430.70"
2017/6/11,"2,433.20","2,425.90","2,443.80","2,418.50"
2017/6/4,"2,431.80","2,437.80","2,446.20","2,415.70"
2017/5/28,"2,439.10","2,411.70","2,440.20","2,403.60"
2017/5/21,"2,415.80","2,387.20","2,418.70","2,386.90"
2017/5/14,"2,381.70","2,394.00","2,405.80","2,352.70"
2017/5/7,"2,390.90","2,399.90","2,403.90","2,381.70"
2017/4/30,"2,399.30","2,388.50","2,399.30","2,379.80"
2017/4/23,"2,384.20","2,370.30","2,398.20","2,369.20"
2017/4/16,"2,348.70","2,332.60","2,361.40","2,332.50"
2017/4/9,"2,328.90","2,357.20","2,366.40","2,328.90"
2017/4/2,"2,355.50","2,362.30","2,378.40","2,344.70"
2017/3/26,"2,362.70","2,329.10","2,370.40","2,322.20"
2017/3/19,"2,344.00","2,378.20","2,381.90","2,335.70"
2017/3/12,"2,378.20","2,371.60","2,390.00","2,358.20"
2017/3/5,"2,372.60","2,375.20","2,378.80","2,354.50"
2017/2/26,"2,383.10","2,365.20","2,401.00","2,359.00"
2017/2/19,"2,367.30","2,354.90","2,368.30","2,352.90"
2017/2/12,"2,351.20","2,321.70","2,351.30","2,321.40"
2017/2/5,"2,316.10","2,294.30","2,319.20","2,285.40"
2017/1/29,"2,297.40","2,286.00","2,298.30","2,267.20"
2017/1/22,"2,294.70","2,267.80","2,301.00","2,257.00"
2017/1/15,"2,271.30","2,269.10","2,277.00","2,258.40"
2017/1/8,"2,274.60","2,273.60","2,279.30","2,254.20"
2017/1/1,"2,277.00","2,251.60","2,282.10","2,245.10"
2016/12/25,"2,238.80","2,266.20","2,273.80","2,233.60"
2016/12/18,"2,263.80","2,259.20","2,272.60","2,256.10"
2016/12/11,"2,258.10","2,258.80","2,277.50","2,248.40"
2016/12/4,"2,259.50","2,200.70","2,259.80","2,200.00"
2016/11/27,"2,191.90","2,210.20","2,214.10","2,187.40"
2016/11/20,"2,213.30","2,186.40","2,213.30","2,186.40"
2016/11/13,"2,181.90","2,165.60","2,189.90","2,156.10"
2016/11/6,"2,164.40","2,100.60","2,182.30","2,100.60"
2016/10/30,"2,085.20","2,129.80","2,133.20","2,083.80"
2016/10/23,"2,126.40","2,148.50","2,154.80","2,119.40"
2016/10/16,"2,141.20","2,132.90","2,148.40","2,124.40"
2016/10/9,"2,133.00","2,160.40","2,169.60","2,114.70"
2016/10/2,"2,153.70","2,164.30","2,165.90","2,144.00"
2016/9/25,"2,168.30","2,158.50","2,175.30","2,141.60"
2016/9/18,"2,164.70","2,144.00","2,180.00","2,135.90"
2016/9/11,"2,139.20","2,120.90","2,163.30","2,119.10"
2016/9/4,"2,127.80","2,181.60","2,187.90","2,127.80"
2016/8/28,"2,180.00","2,170.20","2,184.90","2,157.10"
2016/8/21,"2,169.00","2,181.60","2,193.40","2,160.40"
2016/8/14,"2,183.90","2,186.10","2,193.80","2,168.50"
2016/8/7,"2,184.10","2,183.80","2,188.40","2,172.00"
2016/7/31,"2,182.90","2,173.20","2,182.90","2,147.60"
2016/7/24,"2,173.60","2,173.70","2,177.10","2,159.10"
2016/7/17,"2,175.00","2,162.00","2,175.60","2,159.00"
2016/7/10,"2,161.70","2,131.70","2,169.10","2,131.70"
2016/7/3,"2,129.90","2,095.10","2,131.70","2,074.00"
2016/6/26,"2,102.90","2,031.50","2,108.70","1,991.70"
2016/6/19,"2,037.40","2,075.60","2,113.30","2,032.60"
2016/6/12,"2,071.20","2,091.80","2,098.10","2,050.40"
2016/6/5,"2,096.10","2,100.80","2,120.60","2,090.00"
2016/5/29,"2,099.10","2,100.10","2,105.30","2,085.10"
2016/5/22,"2,099.10","2,052.20","2,099.10","2,047.30"
2016/5/15,"2,052.30","2,046.50","2,071.90","2,025.90"
2016/5/8,"2,046.60","2,057.60","2,084.90","2,043.10"
2016/5/1,"2,057.10","2,067.20","2,083.40","2,039.50"
2016/4/24,"2,065.30","2,089.40","2,099.90","2,052.30"
2016/4/17,"2,091.60","2,078.80","2,111.10","2,073.70"
2016/4/10,"2,080.70","2,050.20","2,087.80","2,039.70"
2016/4/3,"2,047.60","2,073.20","2,074.00","2,033.80"
2016/3/27,"2,072.80","2,037.90","2,075.10","2,028.30"
2016/3/20,"2,035.90","2,047.90","2,056.60","2,022.50"
2016/3/13,"2,049.60","2,019.30","2,052.40","2,005.20"
2016/3/6,"2,022.20","1,996.10","2,022.40","1,969.20"
2016/2/28,"2,000.00","1,947.10","2,009.10","1,931.80"
2016/2/21,"1,948.00","1,924.40","1,963.00","1,891.00"
2016/2/14,"1,917.80","1,871.40","1,930.70","1,871.40"
2016/2/7,"1,864.80","1,873.20","1,881.60","1,810.10"
2016/1/31,"1,880.00","1,936.90","1,947.20","1,872.20"
2016/1/24,"1,940.20","1,906.30","1,940.20","1,872.70"
2016/1/17,"1,906.90","1,888.70","1,908.80","1,812.30"
2016/1/10,"1,880.30","1,926.10","1,950.30","1,857.80"
2016/1/3,"1,922.00","2,038.20","2,038.20","1,918.50"
2015/12/27,"2,043.90","2,057.80","2,081.60","2,043.60"
2015/12/20,"2,061.00","2,010.30","2,067.40","2,005.90"
2015/12/13,"2,005.50","2,013.40","2,076.70","1,993.30"
2015/12/6,"2,012.40","2,090.40","2,090.40","2,008.80"
2015/11/29,"2,091.70","2,090.90","2,104.30","2,042.30"
2015/11/22,"2,090.10","2,089.40","2,095.60","2,070.30"
2015/11/15,"2,089.20","2,022.10","2,097.10","2,019.40"
2015/11/8,"2,023.00","2,096.60","2,096.60","2,022.00"
2015/11/1,"2,099.20","2,080.80","2,116.50","2,080.80"
2015/10/25,"2,079.40","2,075.10","2,094.30","2,058.80"
2015/10/18,"2,075.20","2,031.70","2,079.70","2,017.20"
2015/10/11,"2,033.10","2,015.70","2,033.50","1,990.70"
2015/10/4,"2,014.90","1,954.30","2,020.10","1,954.30"
2015/9/27,"1,951.40","1,929.20","1,951.40","1,871.90"
2015/9/20,"1,931.30","1,960.80","1,979.60","1,908.90"
2015/9/13,"1,958.00","1,963.10","2,020.90","1,948.30"
2015/9/6,"1,961.00","1,927.30","1,988.60","1,927.30"
2015/8/30,"1,921.20","1,986.70","1,986.70","1,903.10"
2015/8/23,"1,988.90","1,965.20","1,993.50","1,867.00"
2015/8/16,"1,970.90","2,089.70","2,103.50","1,970.90"
2015/8/9,"2,091.50","2,081.00","2,105.30","2,052.10"
2015/8/2,"2,077.60","2,104.50","2,112.70","2,067.90"
2015/7/26,"2,103.80","2,078.20","2,114.20","2,063.50"
2015/7/19,"2,079.70","2,126.80","2,132.80","2,077.10"
2015/7/12,"2,126.60","2,080.00","2,128.90","2,080.00"
2015/7/5,"2,076.60","2,073.90","2,083.70","2,044.00"
2015/6/28,"2,076.80","2,098.60","2,098.60","2,056.30"
2015/6/21,"2,101.50","2,112.50","2,129.90","2,095.40"
2015/6/14,"2,110.00","2,091.30","2,126.70","2,072.50"
2015/6/7,"2,094.10","2,092.30","2,115.00","2,072.10"
2015/5/31,"2,092.80","2,108.60","2,121.90","2,085.70"
2015/5/24,"2,107.40","2,125.30","2,126.20","2,099.20"
2015/5/17,"2,126.10","2,121.30","2,134.70","2,120.00"
2015/5/10,"2,122.70","2,115.60","2,123.90","2,085.60"
2015/5/3,"2,116.10","2,110.20","2,120.90","2,067.90"
2015/4/26,"2,108.30","2,119.30","2,125.90","2,077.60"
2015/4/19,"2,117.70","2,084.10","2,120.90","2,084.10"
2015/4/12,"2,081.20","2,102.00","2,111.90","2,072.40"
2015/4/5,"2,102.10","2,064.90","2,102.60","2,056.50"
2015/3/29,"2,067.00","2,064.10","2,089.00","2,048.40"
2015/3/22,"2,061.00","2,108.00","2,114.90","2,045.50"
2015/3/15,"2,108.10","2,055.30","2,113.90","2,055.30"
2015/3/8,"2,053.40","2,072.20","2,083.50","2,039.70"
2015/3/1,"2,071.30","2,105.20","2,117.50","2,067.30"
2015/2/22,"2,104.50","2,109.80","2,119.60","2,103.00"
2015/2/15,"2,110.30","2,096.50","2,110.60","2,085.40"
2015/2/8,"2,097.00","2,053.50","2,097.00","2,041.90"
2015/2/1,"2,055.50","1,996.70","2,072.40","1,980.90"
2015/1/25,"1,995.00","2,050.40","2,057.60","1,989.20"
2015/1/18,"2,051.80","2,020.80","2,064.60","2,004.50"
2015/1/11,"2,019.40","2,046.10","2,056.90","1,988.10"
2015/1/4,"2,044.80","2,054.40","2,064.40","1,992.40"
2014/12/28,"2,058.20","2,087.60","2,093.60","2,046.00"
2014/12/21,"2,088.80","2,069.30","2,092.70","2,069.30"
2014/12/14,"2,070.70","2,005.00","2,077.80","1,972.60"
2014/12/7,"2,002.30","2,074.80","2,075.80","2,002.30"
2014/11/30,"2,075.40","2,065.80","2,079.50","2,049.60"
2014/11/23,"2,067.60","2,065.10","2,075.80","2,064.80"
2014/11/16,"2,063.50","2,038.30","2,071.50","2,034.50"
2014/11/9,"2,039.80","2,032.00","2,046.20","2,030.20"
2014/11/2,"2,031.90","2,018.20","2,034.30","2,001.00"
2014/10/26,"2,018.00","1,963.00","2,018.20","1,951.40"
2014/10/19,"1,964.60","1,885.60","1,965.30","1,882.30"
2014/10/12,"1,886.80","1,905.70","1,912.10","1,820.70"
2014/10/5,"1,906.10","1,970.00","1,977.80","1,906.00"
2014/9/28,"1,967.90","1,979.00","1,985.20","1,926.00"
2014/9/21,"1,982.80","2,009.10","2,009.10","1,966.00"
2014/9/14,"2,010.40","1,986.00","2,019.30","1,978.50"
2014/9/7,"1,985.50","2,007.20","2,007.20","1,980.30"
2014/8/31,"2,007.70","2,004.10","2,011.20","1,990.10"
2014/8/24,"2,003.40","1,991.70","2,005.00","1,990.50"
2014/8/17,"1,988.40","1,958.40","1,994.80","1,958.40"
2014/8/10,"1,955.10","1,933.40","1,964.00","1,928.30"
2014/8/3,"1,931.60","1,926.60","1,942.90","1,904.80"
2014/7/27,"1,925.20","1,978.20","1,984.80","1,916.40"
2014/7/20,"1,978.30","1,976.90","1,991.40","1,965.80"
2014/7/13,"1,978.20","1,969.90","1,983.90","1,955.60"
2014/7/6,"1,967.60","1,984.20","1,984.20","1,952.90"
2014/6/29,"1,985.40","1,960.80","1,985.60","1,958.20"
2014/6/22,"1,961.00","1,962.90","1,968.20","1,944.70"
2014/6/15,"1,962.90","1,934.80","1,963.90","1,930.90"
2014/6/8,"1,936.20","1,949.00","1,955.50","1,925.80"
2014/6/1,"1,949.40","1,923.90","1,949.40","1,916.00"
2014/5/25,"1,923.60","1,902.00","1,924.00","1,902.00"
2014/5/18,"1,900.50","1,876.70","1,901.30","1,868.10"
2014/5/11,"1,877.90","1,880.00","1,902.20","1,862.40"
2014/5/4,"1,878.50","1,879.50","1,889.10","1,859.80"
2014/4/27,"1,881.10","1,865.00","1,891.30","1,850.60"
2014/4/20,"1,863.40","1,865.80","1,884.90","1,859.70"
2014/4/13,"1,864.80","1,818.20","1,869.60","1,815.80"
2014/4/6,"1,815.70","1,863.90","1,872.50","1,814.40"
2014/3/30,"1,865.10","1,859.20","1,897.30","1,859.20"
2014/3/23,"1,857.60","1,867.70","1,875.90","1,842.10"
2014/3/16,"1,866.50","1,842.80","1,884.00","1,842.80"
2014/3/9,"1,841.10","1,877.90","1,882.30","1,839.60"
2014/3/2,"1,878.00","1,857.70","1,883.60","1,834.40"
2014/2/23,"1,859.50","1,836.80","1,867.90","1,836.80"
2014/2/16,"1,836.20","1,839.00","1,847.50","1,824.60"
2014/2/9,"1,838.60","1,796.20","1,841.70","1,791.80"
2014/2/2,"1,797.00","1,782.70","1,798.00","1,737.90"
2014/1/26,"1,782.60","1,791.00","1,798.80","1,770.50"
2014/1/19,"1,790.30","1,841.00","1,849.30","1,790.30"
2014/1/12,"1,838.70","1,841.30","1,850.80","1,815.50"
2014/1/5,"1,842.40","1,832.30","1,843.20","1,823.70"
2013/12/29,"1,831.40","1,841.50","1,849.40","1,827.70"
2013/12/22,"1,841.40","1,822.90","1,844.90","1,822.90"
2013/12/15,"1,818.30","1,777.50","1,823.80","1,768.00"
2013/12/8,"1,775.30","1,806.20","1,811.50","1,772.30"
2013/12/1,"1,805.10","1,806.50","1,810.00","1,779.10"
2013/11/24,"1,805.80","1,806.30","1,813.50","1,800.60"
2013/11/17,"1,804.80","1,798.80","1,804.80","1,777.20"
2013/11/10,"1,798.20","1,770.00","1,798.20","1,760.60"
2013/11/3,"1,770.60","1,763.40","1,774.50","1,746.20"
2013/10/27,"1,761.60","1,759.40","1,775.20","1,752.70"
2013/10/20,"1,759.80","1,745.20","1,759.80","1,740.50"
2013/10/13,"1,744.50","1,699.90","1,745.30","1,692.10"
2013/10/6,"1,703.20","1,687.20","1,703.40","1,646.50"
2013/9/29,"1,690.50","1,687.30","1,696.50","1,670.40"
2013/9/22,"1,691.80","1,711.40","1,711.40","1,687.10"
2013/9/15,"1,709.90","1,691.70","1,729.90","1,691.70"
2013/9/8,"1,688.00","1,656.80","1,690.00","1,656.80"
2013/9/1,"1,655.20","1,636.00","1,664.80","1,633.40"
2013/8/25,"1,633.00","1,664.30","1,669.50","1,627.50"
2013/8/18,"1,663.50","1,655.20","1,664.80","1,639.40"
2013/8/11,"1,655.80","1,688.40","1,696.80","1,652.60"
2013/8/4,"1,691.40","1,708.00","1,709.20","1,684.90"
2013/7/28,"1,709.70","1,690.30","1,709.70","1,681.90"
2013/7/21,"1,691.70","1,694.40","1,698.80","1,676.00"
2013/7/14,"1,692.10","1,679.60","1,693.10","1,671.80"
2013/7/7,"1,680.20","1,634.20","1,680.20","1,634.20"
2013/6/30,"1,631.90","1,609.80","1,632.10","1,604.60"
2013/6/23,"1,606.30","1,588.80","1,620.10","1,560.30"
2013/6/16,"1,592.40","1,630.60","1,654.20","1,577.70"
2013/6/9,"1,626.70","1,644.70","1,648.70","1,608.10"
2013/6/2,"1,643.40","1,631.70","1,646.50","1,598.20"
2013/5/26,"1,630.70","1,652.60","1,674.20","1,630.70"
2013/5/19,"1,649.60","1,665.70","1,687.20","1,635.50"
2013/5/12,"1,667.50","1,632.10","1,667.50","1,626.70"
2013/5/5,"1,633.70","1,614.40","1,635.00","1,614.20"
2013/4/28,"1,614.40","1,582.30","1,618.50","1,581.30"
2013/4/21,"1,582.20","1,555.20","1,592.60","1,548.20"
2013/4/14,"1,555.20","1,588.80","1,588.80","1,536.00"
2013/4/7,"1,588.80","1,553.30","1,597.30","1,548.60"
2013/3/31,"1,553.30","1,569.20","1,573.70","1,539.50"
2013/3/24,"1,569.20","1,556.90","1,570.30","1,546.20"
2013/3/17,"1,556.90","1,560.70","1,561.60","1,538.60"
2013/3/10,"1,560.70","1,551.20","1,563.60","1,547.40"
2013/3/3,"1,551.20","1,518.20","1,552.50","1,512.30"
2013/2/24,"1,518.20","1,515.60","1,525.80","1,485.00"
2013/2/17,"1,515.60","1,519.80","1,530.90","1,497.30"
2013/2/10,"1,519.80","1,517.90","1,524.70","1,513.60"
2013/2/3,"1,517.90","1,513.20","1,518.30","1,495.00"
2013/1/27,"1,513.20","1,503.00","1,514.40","1,496.30"
2013/1/20,"1,503.00","1,486.00","1,503.30","1,481.20"
2013/1/13,"1,486.00","1,472.00","1,486.00","1,463.80"
2013/1/6,"1,472.00","1,466.50","1,472.80","1,451.60"
2012/12/30,"1,466.50","1,402.40","1,467.90","1,398.10"
2012/12/23,"1,402.40","1,430.20","1,430.20","1,401.60"
2012/12/16,"1,430.20","1,413.50","1,448.00","1,413.50"
2012/12/9,"1,413.60","1,418.10","1,438.60","1,411.90"
2012/12/2,"1,418.10","1,416.30","1,423.70","1,398.20"
2012/11/25,"1,416.20","1,409.20","1,419.70","1,385.40"
2012/11/18,"1,409.20","1,359.90","1,409.20","1,359.90"
2012/11/11,"1,359.90","1,379.90","1,388.80","1,343.30"
2012/11/4,"1,379.80","1,414.00","1,433.40","1,373.00"
2012/10/28,"1,414.20","1,411.00","1,434.30","1,406.00"
2012/10/21,"1,411.90","1,433.20","1,435.50","1,403.30"
2012/10/14,"1,433.20","1,428.80","1,464.00","1,427.20"
2012/10/7,"1,428.60","1,460.90","1,460.90","1,425.50"
2012/9/30,"1,460.90","1,440.90","1,471.00","1,439.00"
2012/9/23,"1,440.70","1,459.80","1,463.20","1,430.50"
2012/9/16,"1,460.20","1,465.40","1,467.10","1,450.00"
2012/9/9,"1,465.80","1,437.90","1,474.50","1,429.00"
2012/9/2,"1,437.90","1,406.50","1,437.90","1,396.60"
2012/8/26,"1,406.60","1,411.10","1,416.20","1,397.00"
2012/8/19,"1,411.10","1,417.80","1,426.70","1,398.00"
2012/8/12,"1,418.20","1,405.90","1,418.70","1,397.30"
2012/8/5,"1,405.90","1,391.00","1,407.10","1,391.00"
2012/7/29,"1,391.00","1,385.90","1,394.20","1,354.70"
2012/7/22,"1,386.00","1,362.30","1,389.20","1,329.20"
2012/7/15,"1,362.70","1,356.50","1,380.40","1,345.10"
2012/7/8,"1,356.80","1,354.70","1,361.50","1,325.40"
2012/7/1,"1,354.70","1,362.30","1,374.80","1,348.00"
2012/6/24,"1,362.20","1,334.90","1,362.20","1,309.30"
2012/6/17,"1,335.00","1,342.40","1,363.50","1,324.40"
2012/6/10,"1,342.80","1,325.70","1,343.30","1,306.60"
2012/6/3,"1,325.70","1,278.30","1,329.00","1,266.70"
2012/5/27,"1,278.00","1,318.90","1,334.90","1,277.20"
2012/5/20,"1,317.80","1,295.70","1,328.50","1,295.70"
2012/5/13,"1,295.20","1,351.90","1,351.90","1,292.00"
2012/5/6,"1,353.40","1,368.80","1,373.90","1,343.10"
2012/4/29,"1,369.10","1,403.30","1,415.30","1,368.00"
2012/4/22,"1,403.40","1,378.50","1,406.60","1,358.80"
2012/4/15,"1,378.50","1,370.30","1,392.80","1,365.40"
2012/4/8,"1,370.30","1,397.50","1,397.50","1,357.40"
2012/4/1,"1,398.10","1,408.50","1,422.40","1,392.90"
2012/3/25,"1,408.50","1,397.10","1,419.20","1,391.60"
2012/3/18,"1,397.10","1,404.20","1,414.00","1,386.90"
2012/3/11,"1,404.20","1,370.80","1,405.90","1,366.70"
2012/3/4,"1,370.90","1,369.60","1,374.80","1,340.00"
2012/2/26,"1,369.60","1,365.20","1,378.00","1,354.90"
2012/2/19,"1,365.70","1,361.20","1,368.90","1,352.30"
2012/2/12,"1,361.20","1,343.10","1,363.40","1,340.80"
2012/2/5,"1,342.60","1,344.30","1,354.30","1,335.90"
2012/1/29,"1,344.90","1,316.20","1,345.30","1,300.50"
2012/1/22,"1,316.30","1,315.30","1,333.50","1,306.10"
2012/1/15,"1,315.40","1,290.20","1,315.50","1,290.20"
2012/1/8,"1,289.10","1,277.80","1,296.80","1,274.50"
2012/1/1,"1,277.80","1,258.90","1,284.60","1,258.90"
2011/12/25,"1,257.60","1,265.00","1,269.40","1,248.60"
2011/12/18,"1,265.30","1,219.70","1,265.40","1,202.40"
2011/12/11,"1,219.70","1,255.00","1,255.00","1,209.50"
2011/12/4,"1,255.20","1,244.30","1,267.10","1,231.50"
2011/11/27,"1,244.30","1,158.70","1,260.10","1,158.70"
2011/11/20,"1,158.70","1,215.60","1,215.60","1,158.70"
2011/11/13,"1,215.70","1,263.80","1,264.20","1,209.40"
2011/11/6,"1,263.80","1,253.20","1,277.50","1,226.60"
2011/10/30,"1,253.20","1,285.00","1,285.00","1,215.40"
2011/10/23,"1,285.10","1,238.70","1,292.70","1,221.10"
2011/10/16,"1,238.20","1,224.50","1,239.00","1,191.50"
2011/10/9,"1,224.60","1,158.20","1,224.60","1,158.20"
2011/10/2,"1,155.50","1,131.20","1,171.40","1,074.80"
2011/9/25,"1,131.40","1,136.90","1,195.90","1,131.10"
2011/9/18,"1,136.40","1,215.00","1,220.40","1,114.20"
2011/9/11,"1,216.00","1,153.50","1,220.10","1,136.10"
2011/9/4,"1,154.20","1,174.00","1,204.40","1,140.10"
2011/8/28,"1,174.00","1,177.90","1,230.70","1,170.60"
2011/8/21,"1,176.80","1,123.50","1,190.70","1,121.10"
2011/8/14,"1,123.50","1,178.90","1,208.50","1,122.00"
2011/8/7,"1,178.80","1,198.50","1,198.50","1,101.50"
2011/7/31,"1,199.40","1,292.60","1,307.40","1,168.10"
2011/7/24,"1,292.30","1,344.30","1,344.30","1,282.90"
2011/7/17,"1,345.00","1,315.90","1,347.00","1,295.90"
2011/7/10,"1,316.10","1,343.30","1,343.30","1,306.50"
2011/7/3,"1,343.80","1,339.60","1,356.50","1,330.90"
2011/6/26,"1,339.70","1,268.40","1,341.00","1,267.50"
2011/6/19,"1,268.50","1,271.50","1,298.60","1,262.90"
2011/6/12,"1,271.50","1,271.30","1,292.50","1,258.10"
2011/6/5,"1,271.00","1,300.30","1,300.30","1,268.30"
2011/5/29,"1,300.20","1,331.10","1,345.20","1,297.90"
2011/5/22,"1,331.10","1,333.10","1,334.60","1,311.80"
2011/5/15,"1,333.30","1,334.80","1,346.80","1,318.50"
2011/5/8,"1,337.80","1,340.20","1,359.40","1,332.00"
2011/5/1,"1,340.20","1,365.20","1,370.60","1,329.20"
2011/4/24,"1,363.60","1,337.10","1,364.60","1,331.50"
2011/4/17,"1,337.40","1,313.30","1,337.50","1,294.70"
2011/4/10,"1,319.70","1,329.00","1,333.80","1,302.40"
2011/4/3,"1,328.20","1,333.60","1,339.50","1,322.90"
2011/3/27,"1,332.40","1,315.50","1,337.80","1,305.30"
2011/3/20,"1,313.80","1,281.70","1,319.20","1,281.70"
2011/3/13,"1,279.20","1,301.20","1,301.20","1,249.00"
2011/3/6,"1,304.30","1,322.70","1,327.70","1,292.00"
2011/2/27,"1,321.20","1,321.60","1,332.30","1,302.60"
2011/2/20,"1,319.90","1,338.90","1,338.90","1,294.30"
2011/2/13,"1,343.00","1,328.70","1,344.10","1,324.60"
2011/2/6,"1,329.20","1,311.80","1,330.80","1,311.70"
2011/1/30,"1,310.90","1,276.50","1,311.00","1,276.50"
2011/1/23,"1,276.30","1,283.30","1,302.70","1,275.10"
2011/1/16,"1,283.30","1,293.20","1,296.10","1,271.30"
2011/1/9,"1,293.20","1,270.80","1,293.20","1,262.20"
2011/1/2,"1,271.50","1,257.60","1,278.20","1,257.60"
2010/12/26,"1,257.60","1,254.70","1,262.60","1,251.50"
2010/12/19,"1,256.80","1,245.80","1,259.40","1,241.50"
2010/12/12,"1,243.90","1,242.50","1,246.70","1,232.80"
2010/12/5,"1,240.40","1,223.90","1,240.40","1,219.50"
2010/11/28,"1,224.70","1,189.10","1,225.60","1,173.60"
2010/11/21,"1,189.40","1,198.10","1,198.90","1,176.90"
2010/11/14,"1,199.70","1,200.40","1,207.40","1,173.00"
2010/11/7,"1,199.20","1,223.20","1,226.80","1,194.10"
2010/10/31,"1,225.80","1,185.70","1,227.10","1,177.70"
2010/10/24,"1,183.30","1,184.70","1,196.10","1,171.70"
2010/10/17,"1,183.10","1,176.80","1,189.40","1,159.70"
2010/10/10,"1,176.20","1,165.30","1,184.40","1,155.70"
2010/10/3,"1,165.20","1,145.00","1,167.70","1,131.90"
2010/9/26,"1,146.20","1,148.60","1,157.20","1,132.10"
2010/9/19,"1,148.70","1,126.60","1,148.90","1,122.80"
2010/9/12,"1,125.60","1,113.40","1,131.50","1,113.40"
2010/9/5,"1,109.50","1,102.60","1,110.90","1,091.20"
2010/8/29,"1,104.50","1,062.90","1,105.10","1,040.90"
2010/8/22,"1,064.60","1,073.40","1,081.60","1,039.70"
2010/8/15,"1,071.70","1,077.50","1,100.10","1,063.90"
2010/8/8,"1,079.20","1,122.80","1,129.20","1,076.70"
2010/8/1,"1,121.60","1,107.50","1,128.80","1,107.20"
2010/7/25,"1,101.60","1,102.90","1,121.00","1,088.00"
2010/7/18,"1,102.70","1,066.80","1,103.70","1,056.90"
2010/7/11,"1,064.90","1,077.20","1,099.50","1,063.30"
2010/7/4,"1,078.00","1,028.10","1,078.20","1,018.40"
2010/6/27,"1,022.60","1,077.50","1,082.60","1,010.90"
2010/6/20,"1,076.80","1,122.80","1,131.20","1,067.90"
2010/6/13,"1,117.50","1,095.00","1,121.00","1,089.00"
2010/6/6,"1,091.60","1,065.80","1,092.20","1,042.20"
2010/5/30,"1,064.90","1,087.30","1,105.70","1,060.50"
2010/5/23,"1,089.40","1,084.80","1,103.50","1,040.80"
2010/5/16,"1,087.70","1,136.50","1,148.70","1,055.90"
2010/5/9,"1,135.70","1,122.30","1,173.60","1,122.30"
2010/5/2,"1,110.90","1,188.60","1,205.10","1,065.80"
2010/4/25,"1,186.70","1,217.10","1,219.80","1,181.60"
2010/4/18,"1,217.30","1,192.10","1,217.30","1,183.70"
2010/4/11,"1,192.10","1,194.90","1,213.90","1,186.80"
2010/4/4,"1,194.40","1,178.70","1,194.70","1,175.10"
2010/3/28,"1,178.10","1,167.70","1,181.40","1,165.80"
2010/3/21,"1,166.60","1,157.20","1,180.70","1,152.90"
2010/3/14,"1,159.90","1,148.50","1,169.80","1,141.50"
2010/3/7,"1,150.00","1,138.40","1,153.40","1,134.90"
2010/2/28,"1,138.70","1,105.40","1,139.40","1,105.40"
2010/2/21,"1,104.50","1,110.00","1,112.30","1,086.00"
2010/2/14,"1,109.20","1,079.10","1,112.40","1,079.10"
2010/2/7,"1,075.50","1,065.50","1,080.00","1,056.50"
2010/1/31,"1,066.20","1,073.90","1,104.70","1,044.50"
2010/1/24,"1,073.90","1,092.40","1,103.70","1,071.60"
2010/1/17,"1,091.80","1,136.00","1,150.50","1,090.20"
2010/1/10,"1,136.00","1,146.00","1,150.40","1,131.40"
2010/1/3,"1,145.00","1,116.60","1,145.40","1,116.60"
2009/12/27,"1,115.10","1,127.50","1,130.40","1,114.80"
2009/12/20,"1,126.50","1,105.30","1,126.50","1,105.30"
2009/12/13,"1,102.50","1,107.80","1,116.20","1,093.90"
2009/12/6,"1,106.40","1,105.50","1,110.70","1,085.90"
2009/11/29,"1,106.00","1,091.10","1,119.10","1,086.20"
2009/11/22,"1,091.50","1,094.90","1,112.40","1,083.70"
2009/11/15,"1,091.40","1,094.10","1,113.70","1,086.80"
2009/11/8,"1,093.50","1,072.30","1,105.40","1,072.30"
2009/11/1,"1,069.30","1,036.20","1,071.50","1,029.40"
2009/10/25,"1,036.20","1,080.40","1,091.80","1,033.40"
2009/10/18,"1,079.60","1,088.20","1,101.40","1,074.30"
2009/10/11,"1,087.70","1,071.60","1,096.60","1,066.70"
2009/10/4,"1,071.50","1,026.90","1,071.50","1,025.90"
2009/9/27,"1,025.20","1,045.40","1,069.60","1,020.00"
2009/9/20,"1,044.40","1,067.10","1,080.20","1,041.20"
2009/9/13,"1,068.30","1,040.20","1,074.80","1,035.00"
2009/9/6,"1,042.70","1,018.70","1,048.20","1,018.70"
2009/8/30,"1,016.40","1,025.20","1,028.50",992
2009/8/23,"1,028.90","1,026.60","1,039.50","1,016.20"
2009/8/16,"1,026.10",998.2,"1,027.60",978.5
2009/8/9,"1,004.10","1,008.90","1,013.10",992.4
2009/8/2,"1,010.50",990.2,"1,018.00",990.2
2009/7/26,987.5,978.6,996.7,968.6
2009/7/19,979.3,942.1,979.8,941
2009/7/12,940.4,879.6,944,875.3
2009/7/5,879.1,894.3,898.7,869.3
2009/6/28,896.4,919.9,931.9,896.4
2009/6/21,918.9,918.1,922,888.9
2009/6/14,921.2,942.5,942.5,903.8
2009/6/7,946.2,938.1,956.2,926.4
2009/5/31,940.1,923.3,951.7,923.3
2009/5/24,919.1,887,920,881.5
2009/5/17,887,886.1,924.6,879.6
2009/5/10,882.9,923,923,878.9
2009/5/3,929.2,879.2,930.2,879.2
2009/4/26,877.5,862.8,888.7,847.1
2009/4/19,866.2,868.3,871.8,826.8
2009/4/12,869.6,855.3,875.6,835.6
2009/4/5,856.6,839.8,856.9,814.5
2009/3/29,842.5,809.1,845.6,779.8
2009/3/22,815.9,772.3,833,772.3
2009/3/15,768.5,758.8,803.2,749.9
2009/3/8,756.5,680.8,758.3,672.9
2009/3/1,683.4,729.6,729.6,666.8
2009/2/22,735.1,773.2,780.1,734.5
2009/2/15,770,818.6,818.6,754.2
2009/2/8,826.8,868.2,875,808.1
2009/2/1,868.6,823.1,870.8,812.9
2009/1/25,825.9,832.5,877.9,821.7
2009/1/18,832,849.6,849.6,804.3
2009/1/11,850.1,890.4,890.4,817
2009/1/4,890.4,929.2,943.9,888.3
2008/12/28,931.8,872.4,934.7,857.1
2008/12/21,872.8,887.2,887.4,857.1
2008/12/14,887.9,881.1,918.9,857.7
2008/12/7,879.7,882.7,918.6,851.4
2008/11/30,876.1,888.6,888.6,815.7
2008/11/23,896.2,801.2,896.2,801.2
2008/11/16,800,873.2,882.3,741
2008/11/9,873.3,936.8,952,818.7
2008/11/2,931,968.7,"1,007.50",899.7
2008/10/26,968.8,874.3,984.4,845.3
2008/10/19,876.8,943.5,985.4,852.9
2008/10/12,940.5,912.8,"1,044.30",865.8
2008/10/5,899.2,"1,097.60","1,097.60",839.8
2008/9/28,"1,099.20","1,209.10","1,209.10","1,098.10"
2008/9/21,"1,213.00","1,255.40","1,255.40","1,179.80"
2008/9/14,"1,255.10","1,250.90","1,265.10","1,133.50"
2008/9/7,"1,251.70","1,249.50","1,274.40","1,211.50"
2008/8/31,"1,242.30","1,287.80","1,303.00","1,217.20"
2008/8/24,"1,282.80","1,290.50","1,300.70","1,263.20"
2008/8/17,"1,292.20","1,298.10","1,300.20","1,261.20"
2008/8/10,"1,298.20","1,294.40","1,313.20","1,274.90"
2008/8/3,"1,296.30","1,260.20","1,297.80","1,247.50"
2008/7/27,"1,260.30","1,257.80","1,284.90","1,234.40"
2008/7/20,"1,257.80","1,261.80","1,291.20","1,248.80"
2008/7/13,"1,260.70","1,241.60","1,262.30","1,200.40"
2008/7/6,"1,239.50","1,262.90","1,277.40","1,225.30"
2008/6/29,"1,262.90","1,278.10","1,292.20","1,252.00"
2008/6/22,"1,278.40","1,319.80","1,335.60","1,272.00"
2008/6/15,"1,317.90","1,358.80","1,366.60","1,314.50"
2008/6/8,"1,360.00","1,360.80","1,370.60","1,331.30"
2008/6/1,"1,360.70","1,399.60","1,404.00","1,359.90"
2008/5/25,"1,400.40","1,376.00","1,406.30","1,373.10"
2008/5/18,"1,375.90","1,425.30","1,440.20","1,373.70"
2008/5/11,"1,425.30","1,389.40","1,425.80","1,386.20"
2008/5/4,"1,388.30","1,412.80","1,421.60","1,384.10"
2008/4/27,"1,413.90","1,398.00","1,422.70","1,383.10"
2008/4/20,"1,397.80","1,387.70","1,399.10","1,369.80"
2008/4/13,"1,390.30","1,332.20","1,395.90","1,324.30"
2008/4/6,"1,332.80","1,373.70","1,386.70","1,331.20"
2008/3/30,"1,370.40","1,315.90","1,380.90","1,312.80"
2008/3/23,"1,315.20","1,330.30","1,359.70","1,313.00"
2008/3/16,"1,329.50","1,283.20","1,341.50","1,257.00"
2008/3/9,"1,288.10","1,293.20","1,333.30","1,272.70"
2008/3/2,"1,293.40","1,330.50","1,344.20","1,282.40"
2008/2/24,"1,330.60","1,352.80","1,388.30","1,325.40"
2008/2/17,"1,353.10","1,355.90","1,367.90","1,327.00"
2008/2/10,"1,350.00","1,331.90","1,369.20","1,320.30"
2008/2/3,"1,331.30","1,395.40","1,395.40","1,316.80"
2008/1/27,"1,395.40","1,330.70","1,396.00","1,322.30"
2008/1/20,"1,330.60","1,312.90","1,368.60","1,270.00"
2008/1/13,"1,325.20","1,402.90","1,417.90","1,312.50"
2008/1/6,"1,401.00","1,414.10","1,430.30","1,378.70"
2007/12/30,"1,411.60","1,475.20","1,475.80","1,411.20"
2007/12/23,"1,478.50","1,484.50","1,498.80","1,471.70"
2007/12/16,"1,484.50","1,465.00","1,485.40","1,435.70"
2007/12/9,"1,468.00","1,505.10","1,523.60","1,467.80"
2007/12/2,"1,504.70","1,479.60","1,510.60","1,460.70"
2007/11/25,"1,481.10","1,440.70","1,488.90","1,406.10"
2007/11/18,"1,440.70","1,456.70","1,456.70","1,415.60"
2007/11/11,"1,458.70","1,453.70","1,492.10","1,438.50"
2007/11/4,"1,453.70","1,505.60","1,520.80","1,448.50"
2007/10/28,"1,509.70","1,536.90","1,552.80","1,492.50"
2007/10/21,"1,535.30","1,497.80","1,535.50","1,489.60"
2007/10/14,"1,500.60","1,562.20","1,564.70","1,500.30"
2007/10/7,"1,561.80","1,556.50","1,576.10","1,546.70"
2007/9/30,"1,557.60","1,527.30","1,561.90","1,527.20"
2007/9/23,"1,526.80","1,525.80","1,533.70","1,507.10"
2007/9/16,"1,525.80","1,484.20","1,538.70","1,471.80"
2007/9/9,"1,484.20","1,453.50","1,489.60","1,439.30"
2007/9/2,"1,453.50","1,474.00","1,496.40","1,449.10"
2007/8/26,"1,474.00","1,479.40","1,481.50","1,432.00"
2007/8/19,"1,479.40","1,445.90","1,479.40","1,430.50"
2007/8/12,"1,445.90","1,453.40","1,466.30","1,370.60"
2007/8/5,"1,453.60","1,433.00","1,503.90","1,427.40"
2007/7/29,"1,433.10","1,458.90","1,488.30","1,432.80"
2007/7/22,"1,459.00","1,534.10","1,547.20","1,459.00"
2007/7/15,"1,534.10","1,552.50","1,555.90","1,529.20"
2007/7/8,"1,552.50","1,530.40","1,555.10","1,506.10"
2007/7/1,"1,530.40","1,504.70","1,532.40","1,504.70"
2007/6/24,"1,503.30","1,502.60","1,517.50","1,484.20"
2007/6/17,"1,502.60","1,532.90","1,537.30","1,500.70"
2007/6/10,"1,532.90","1,507.60","1,538.70","1,492.70"
2007/6/3,"1,507.70","1,536.30","1,540.50","1,487.40"
2007/5/27,"1,536.30","1,515.50","1,540.60","1,510.10"
2007/5/20,"1,515.70","1,522.80","1,532.40","1,505.20"
2007/5/13,"1,522.80","1,505.80","1,522.80","1,498.30"
2007/5/6,"1,505.80","1,505.60","1,513.80","1,491.40"
2007/4/29,"1,505.60","1,494.10","1,510.30","1,476.70"
2007/4/22,"1,494.10","1,484.30","1,498.00","1,473.70"
2007/4/15,"1,484.30","1,452.80","1,484.70","1,452.80"
2007/4/8,"1,452.80","1,443.80","1,453.10","1,433.90"
2007/4/1,"1,443.80","1,420.80","1,444.90","1,416.40"
2007/3/25,"1,420.90","1,436.10","1,437.70","1,408.90"
2007/3/18,"1,436.10","1,387.00","1,438.90","1,387.00"
2007/3/11,"1,387.00","1,402.80","1,409.30","1,364.00"
2007/3/4,"1,402.80","1,387.10","1,410.20","1,374.00"
2007/2/25,"1,387.20","1,451.00","1,457.00","1,380.90"
2007/2/18,"1,451.20","1,455.50","1,461.60","1,448.40"
2007/2/11,"1,455.50","1,438.00","1,458.00","1,431.40"
2007/2/4,"1,438.10","1,448.30","1,453.00","1,433.40"
2007/1/28,"1,448.40","1,422.00","1,449.30","1,418.50"
2007/1/21,"1,422.20","1,430.50","1,440.70","1,417.00"
2007/1/14,"1,430.50","1,430.70","1,435.30","1,424.20"
2007/1/7,"1,430.70","1,409.30","1,431.20","1,404.00"
2006/12/31,"1,409.70","1,418.00","1,429.40","1,405.80"
2006/12/24,"1,418.30","1,410.80","1,427.70","1,410.50"
2006/12/17,"1,410.80","1,427.10","1,431.80","1,410.30"
2006/12/10,"1,427.10","1,409.80","1,431.60","1,404.80"
2006/12/3,"1,409.80","1,396.70","1,418.30","1,396.70"
2006/11/26,"1,396.70","1,401.00","1,406.30","1,377.80"
2006/11/19,"1,401.00","1,401.20","1,407.90","1,397.80"
2006/11/12,"1,401.20","1,380.60","1,403.80","1,378.80"
2006/11/5,"1,380.90","1,364.30","1,388.90","1,364.30"
2006/10/29,"1,364.30","1,377.30","1,382.00","1,361.00"
2006/10/22,"1,377.30","1,368.60","1,389.50","1,363.90"
2006/10/15,"1,368.60","1,365.60","1,372.90","1,356.90"
2006/10/8,"1,365.60","1,349.60","1,366.60","1,343.60"
2006/10/1,"1,349.60","1,335.80","1,353.80","1,327.10"
2006/9/24,"1,335.80","1,314.80","1,340.30","1,311.60"
2006/9/17,"1,314.80","1,319.80","1,328.50","1,310.90"
2006/9/10,"1,319.90","1,298.90","1,324.70","1,290.90"
2006/9/3,"1,298.90","1,310.90","1,314.70","1,292.10"
2006/8/27,"1,311.00","1,295.10","1,312.00","1,294.00"
2006/8/20,"1,295.10","1,302.30","1,302.50","1,289.50"
2006/8/13,"1,302.30","1,266.70","1,302.30","1,266.70"
2006/8/6,"1,266.70","1,279.30","1,283.70","1,261.30"
2006/7/30,"1,279.40","1,278.50","1,292.90","1,265.70"
2006/7/23,"1,278.50","1,240.20","1,280.40","1,240.20"
2006/7/16,"1,240.30","1,236.20","1,262.60","1,224.50"
2006/7/9,"1,236.20","1,265.50","1,274.10","1,228.50"
2006/7/2,"1,265.50","1,270.10","1,280.40","1,263.10"
2006/6/25,"1,270.20","1,244.50","1,276.30","1,237.60"
2006/6/18,"1,244.50","1,251.50","1,258.00","1,237.20"
2006/6/11,"1,251.50","1,252.30","1,258.60","1,219.30"
2006/6/4,"1,252.30","1,288.20","1,288.20","1,235.20"
2006/5/28,"1,288.20","1,280.00","1,290.70","1,259.40"
2006/5/21,"1,280.20","1,267.00","1,280.50","1,245.30"
2006/5/14,"1,267.00","1,291.20","1,297.90","1,256.30"
2006/5/7,"1,291.20","1,325.80","1,326.70","1,290.40"
2006/4/30,"1,325.80","1,310.60","1,326.50","1,303.50"
2006/4/23,"1,310.60","1,311.30","1,316.00","1,295.60"
2006/4/16,"1,311.30","1,289.10","1,318.20","1,280.70"
2006/4/9,"1,289.10","1,295.50","1,300.70","1,283.00"
2006/4/2,"1,295.50","1,302.90","1,314.10","1,294.20"
2006/3/26,"1,294.80","1,303.00","1,310.20","1,291.80"
2006/3/19,"1,303.00","1,307.20","1,310.90","1,295.80"
2006/3/12,"1,307.20","1,281.60","1,310.50","1,281.60"
2006/3/5,"1,281.60","1,287.20","1,288.20","1,268.40"
2006/2/26,"1,287.20","1,289.40","1,297.60","1,278.70"
2006/2/19,"1,289.40","1,287.20","1,294.20","1,281.30"
2006/2/12,"1,287.20","1,267.00","1,289.50","1,258.30"
2006/2/5,"1,267.00","1,264.00","1,274.60","1,253.60"
2006/1/29,"1,264.00","1,283.70","1,287.90","1,261.00"
2006/1/22,"1,283.70","1,261.50","1,286.40","1,259.40"
2006/1/15,"1,261.50","1,287.60","1,287.80","1,260.90"
2006/1/8,"1,287.60","1,285.50","1,294.90","1,282.80"
2006/1/1,"1,285.50","1,248.30","1,286.10","1,245.70"
2005/12/25,"1,248.30","1,268.70","1,271.80","1,246.60"
2005/12/18,"1,268.70","1,267.30","1,270.50","1,257.20"
2005/12/11,"1,267.30","1,259.40","1,275.80","1,255.50"
2005/12/4,"1,259.40","1,265.10","1,272.90","1,250.90"
2005/11/27,"1,265.10","1,268.20","1,268.40","1,249.40"
2005/11/20,"1,268.20","1,248.30","1,270.60","1,246.90"
2005/11/13,"1,248.30","1,234.70","1,249.60","1,226.40"
2005/11/6,"1,234.70","1,220.10","1,235.70","1,215.00"
2005/10/30,"1,220.10","1,198.40","1,224.70","1,198.40"
2005/10/23,"1,198.40","1,179.60","1,204.00","1,178.90"
2005/10/16,"1,179.60","1,186.60","1,197.30","1,170.50"
2005/10/9,"1,186.60","1,195.90","1,196.50","1,168.20"
2005/10/2,"1,195.90","1,228.80","1,233.30","1,181.90"
2005/9/25,"1,228.80","1,215.30","1,229.60","1,211.10"
2005/9/18,"1,215.30","1,237.90","1,237.90","1,205.30"
2005/9/11,"1,237.90","1,241.50","1,242.60","1,224.80"
2005/9/4,"1,241.50","1,218.00","1,243.10","1,218.00"
2005/8/28,"1,218.00","1,205.10","1,227.30","1,201.10"
2005/8/21,"1,205.10","1,219.70","1,229.00","1,204.20"
2005/8/14,"1,219.70","1,230.40","1,236.20","1,215.90"
2005/8/7,"1,230.40","1,226.40","1,242.70","1,222.70"
2005/7/31,"1,226.40","1,234.20","1,245.90","1,225.60"
2005/7/24,"1,234.20","1,233.70","1,245.20","1,228.20"
2005/7/17,"1,233.70","1,227.90","1,236.60","1,221.10"
2005/7/10,"1,227.90","1,211.90","1,233.20","1,211.90"
2005/7/3,"1,211.90","1,194.40","1,212.70","1,183.50"
2005/6/26,"1,194.40","1,191.60","1,204.10","1,188.30"
2005/6/19,"1,191.60","1,217.00","1,219.60","1,191.50"
2005/6/12,"1,217.00","1,198.10","1,219.50","1,194.50"
2005/6/5,"1,198.10","1,196.00","1,208.80","1,191.10"
2005/5/29,"1,196.00","1,198.80","1,205.60","1,191.00"
2005/5/22,"1,198.80","1,189.30","1,199.60","1,186.00"
2005/5/15,"1,189.30","1,154.00","1,191.20","1,153.60"
2005/5/8,"1,154.00","1,171.30","1,178.90","1,146.20"
2005/5/1,"1,171.30","1,156.80","1,178.60","1,154.70"
2005/4/24,"1,156.80","1,152.10","1,164.80","1,139.20"
2005/4/17,"1,152.10","1,142.60","1,160.00","1,136.20"
2005/4/10,"1,142.60","1,181.20","1,190.20","1,141.90"
2005/4/3,"1,181.20","1,172.80","1,191.90","1,167.70"
2005/3/27,"1,172.90","1,171.40","1,189.80","1,163.70"
2005/3/20,"1,171.40","1,189.70","1,189.70","1,168.70"
2005/3/13,"1,189.70","1,200.10","1,210.50","1,182.80"
2005/3/6,"1,200.10","1,222.10","1,229.10","1,198.20"
2005/2/27,"1,222.10","1,211.40","1,224.80","1,198.10"
2005/2/20,"1,211.40","1,201.60","1,212.20","1,184.20"
2005/2/13,"1,201.60","1,205.30","1,212.40","1,197.30"
2005/2/6,"1,205.30","1,203.00","1,208.40","1,191.50"
2005/1/30,"1,203.00","1,171.40","1,203.50","1,171.40"
2005/1/23,"1,171.40","1,167.90","1,177.50","1,163.80"
2005/1/16,"1,167.90","1,184.50","1,196.00","1,167.80"
2005/1/9,"1,184.50","1,186.20","1,194.80","1,175.60"
2005/1/2,"1,186.20","1,211.90","1,217.90","1,182.10"
